date,platform,spend,impressions,clicks,attributed_sales,keyword,internal_sku
2026-06-14,bigbasket,340.14,253,,0,,40359935
2026-06-14,bigbasket,0,0,,0,,40359934
2026-06-14,bigbasket,0,0,,0,,40197856
2026-06-15,bigbasket,220.75,352,,432,,40197858
2026-06-25,bigbasket,208.56,280,,864,,40197854
2026-07-01,bigbasket,248.88,289,,1425,,40197858
2026-07-01,bigbasket,115.75,139,,298,,40197860
2026-07-06,bigbasket,930.97,1060,,6325,,40220813
2026-07-18,bigbasket,605.41,630,,2648,,40359936
2026-06-23,bigbasket,0,0,,0,,40197858
2026-06-23,bigbasket,263.09,413,,317,,40197860
2026-06-16,bigbasket,490.62,508,,2941,,40197858
2026-07-23,bigbasket,41.4,63,,1585,,40197851
2026-07-19,bigbasket,0.6,1,,0,,40197852
2026-06-21,bigbasket,406.82,422,,1015,,40197858
2026-07-25,bigbasket,50.53,77,,1042,,40197851
2026-06-20,bigbasket,109.36,117,,0,,40197860
2026-07-26,bigbasket,1.2,2,,0,,40197852
2026-06-18,bigbasket,316.75,339,,655,,40197854
2026-06-17,bigbasket,5.88,1,,0,,40197852
2026-06-22,bigbasket,429.85,679,,2180,,40197858
2026-06-07,bigbasket,993.36,1144,,4107,,40197850
2026-05-06,bigbasket,98.05,142,,1233,,40220812
2026-07-11,bigbasket,535.14,623,,1732,,40359934
2026-05-11,bigbasket,0,0,,0,,40197850
2026-06-02,bigbasket,0,0,,0,,40197850
2026-05-21,bigbasket,33.85,37,,499,,40197860
2026-05-21,bigbasket,0,0,,0,,40197861
2026-05-30,bigbasket,198.97,239,,517,,40349409
2026-05-08,bigbasket,0,0,,0,,40197861
2026-05-24,bigbasket,1106.45,1383,,2767,,40359936
2026-05-25,bigbasket,677.94,600,,1085,,40359935
2026-05-25,bigbasket,1.72,2,,0,,40197852
2026-06-08,bigbasket,433.43,663,,2038,,40197854
2026-05-07,bigbasket,7.08,3,,0,,40197850
2026-05-27,bigbasket,890.5,1069,,2254,,40359934
2026-05-23,bigbasket,1063.65,1325,,4702,,40220813
2026-06-14,bigbasket,97.2,104,,99,,40197851
2026-06-14,bigbasket,0,0,,0,,40197856
2026-07-24,bigbasket,584.07,696,,3434,,40349409
2026-06-25,bigbasket,54.83,81,,1153,,40197860
2026-06-13,bigbasket,470.35,618,,2271,,40197858
2026-06-30,bigbasket,431.58,551,,1254,,40220813
2026-06-23,bigbasket,864.39,1273,,2893,,40197854
2026-07-23,bigbasket,620.86,710,,7638,,40220813
2026-07-19,bigbasket,574.72,606,,1442,,40359936
2026-07-19,bigbasket,31.2,45,,525,,40197851
2026-07-17,bigbasket,1228.07,1640,,13918,,40220813
2026-07-17,bigbasket,405.85,444,,1939,,40359936
2026-06-19,bigbasket,0,0,,0,,40349409
2026-06-19,bigbasket,188.1,203,,317,,40197851
2026-06-28,bigbasket,0,0,,0,,40197858
2026-06-21,bigbasket,684.74,556,,1981,,40197850
2026-07-20,bigbasket,662.23,702,,996,,40349409
2026-07-21,bigbasket,100.28,120,,1084,,40359936
2026-07-21,bigbasket,125.65,151,,298,,40349409
2026-05-26,bigbasket,1205.64,1558,,4704,,40349409
2026-06-20,bigbasket,900.62,1226,,1519,,40220813
2026-07-26,bigbasket,20.18,30,,198,,40197851
2026-06-09,bigbasket,980.66,1171,,4130,,40197850
2026-06-22,bigbasket,853.33,1290,,2653,,40197854
2026-06-22,bigbasket,0,0,,0,,40359935
2026-07-22,bigbasket,28.8,44,,1357,,40197851
2026-06-07,bigbasket,457.42,647,,3169,,40197860
2026-06-07,bigbasket,485.8,791,,1566,,40197851
2026-05-28,bigbasket,8.8,5,,0,,40197852
2026-05-28,bigbasket,984.12,865,,1344,,40359935
2026-05-22,bigbasket,219.94,204,,199,,40359935
2026-05-29,bigbasket,1550.96,1781,,3576,,40197850
2026-05-09,bigbasket,0,0,,0,,40197854
2026-06-10,bigbasket,991.4,1188,,2697,,40197850
2026-05-20,bigbasket,545.88,669,,1610,,40302639
2026-05-20,bigbasket,204.43,286,,506,,40220812
2026-05-20,bigbasket,0,0,,0,,40302635
2026-06-05,bigbasket,26.46,40,,319,,40197861
2026-05-24,bigbasket,625.8,1031,,2734,,40197851
2026-05-24,bigbasket,1016.74,1265,,3283,,40220813
2026-06-12,bigbasket,560.14,574,,1979,,40197854
2026-06-12,bigbasket,0,0,,0,,40359936
2026-05-19,bigbasket,251.36,343,,327,,40220812
2026-05-19,bigbasket,0,0,,0,,40197856
2026-06-01,bigbasket,0,0,,0,,40220812
2026-05-23,bigbasket,836.76,1131,,6235,,40359934
2026-05-23,bigbasket,649.1,772,,2168,,40359936
2026-05-23,bigbasket,0,0,,0,,40302639
2026-05-23,bigbasket,2.4,4,,0,,40197852
2026-06-14,bigbasket,308.17,417,,0,,40197860
2026-06-14,bigbasket,0,0,,0,,40220812
2026-06-15,bigbasket,141.11,223,,807,,40197860
2026-06-15,bigbasket,195.45,203,,0,,40197860
2026-06-29,bigbasket,0,0,,0,,40197851
2026-07-04,bigbasket,0,0,,0,,40197858
2026-07-09,bigbasket,597.24,683,,1670,,40359934
2026-06-25,bigbasket,0,0,,0,,40197850
2026-06-13,bigbasket,168.88,163,,998,,40197860
2026-06-13,bigbasket,621.13,630,,745,,40197854
2026-07-18,bigbasket,209.4,341,,1576,,40197851
2026-06-30,bigbasket,100.06,127,,1087,,40197860
2026-07-19,bigbasket,183.68,95,,952,,40359935
2026-06-28,bigbasket,0,0,,0,,40197854
2026-07-07,bigbasket,1190.34,1399,,7836,,40220813
2026-07-15,bigbasket,157.07,201,,338,,40359936
2026-06-21,bigbasket,162.9,176,,198,,40197851
2026-07-03,bigbasket,753.15,834,,7132,,40220813
2026-06-20,bigbasket,614.3,558,,2563,,40197850
2026-05-03,bigbasket,1211.42,1280,,4257,,40197854
2026-07-26,bigbasket,743.71,864,,5342,,40220813
2026-06-17,bigbasket,0,0,,0,,40220812
2026-06-17,bigbasket,518.52,809,,1881,,40197854
2026-05-05,bigbasket,641.55,865,,1790,,40197861
2026-07-22,bigbasket,1098.92,1287,,8665,,40220813
2026-07-11,bigbasket,335.94,385,,1244,,40359936
2026-06-26,bigbasket,0,0,,0,,40359935
2026-05-31,bigbasket,2192.89,2734,,7054,,40349409
2026-05-21,bigbasket,27.83,29,,0,,40220813
2026-06-11,bigbasket,0,0,,0,,40220813
2026-06-10,bigbasket,0.6,1,,0,,40197852
2026-05-20,bigbasket,100.92,125,,496,,40197854
2026-06-12,bigbasket,0,0,,0,,40197852
2026-06-12,bigbasket,567.24,575,,2719,,40197858
2026-06-12,bigbasket,358.2,391,,678,,40197851
2026-06-12,bigbasket,1063.54,1053,,3301,,40197850
2026-06-12,bigbasket,183.33,195,,1665,,40197860
2026-05-27,bigbasket,1556.84,1995,,2309,,40349409
2026-05-23,bigbasket,1214.38,1362,,7216,,40197850
2026-06-14,bigbasket,775.53,784,,4425,,40197858
2026-06-27,bigbasket,0,0,,0,,40197854
2026-07-08,bigbasket,0,0,,0,,40197860
2026-06-13,bigbasket,793.06,1019,,1972,,40220813
2026-06-13,bigbasket,921.64,975,,1690,,40359935
2026-06-30,bigbasket,242.09,303,,1725,,40197858
2026-06-30,bigbasket,0,0,,0,,40197858
2026-06-16,bigbasket,110.12,118,,698,,40197860
2026-06-16,bigbasket,557.33,868,,298,,40197854
2026-07-23,bigbasket,601.27,669,,2038,,40359936
2026-07-19,bigbasket,1294.95,1651,,11372,,40220813
2026-05-12,bigbasket,0,0,,0,,40220812
2026-07-13,bigbasket,234.85,274,,188,,40359936
2026-06-21,bigbasket,0,0,,0,,40197850
2026-07-03,bigbasket,0,0,,0,,40197850
2026-07-03,bigbasket,364.98,414,,2293,,40359936
2026-07-03,bigbasket,502.63,586,,1502,,40359934
2026-06-20,bigbasket,479.7,501,,4015,,40197858
2026-06-17,bigbasket,0,0,,0,,40197850
2026-06-22,bigbasket,0,0,,0,,40349409
2026-05-05,bigbasket,947.31,1062,,4680,,40197850
2026-06-06,bigbasket,1057.16,1175,,3688,,40197850
2026-05-15,bigbasket,0,0,,0,,40197850
2026-05-02,bigbasket,1022.92,1115,,9104,,40197861
2026-05-28,bigbasket,1519.68,1902,,3217,,40220813
2026-05-31,bigbasket,1639.78,1884,,3905,,40197850
2026-05-31,bigbasket,1111.38,1157,,3936,,40359935
2026-05-31,bigbasket,1251.82,1462,,3501,,40220813
2026-05-04,bigbasket,975.5,1214,,4340,,40197861
2026-05-04,bigbasket,1082.81,1317,,2018,,40197854
2026-05-22,bigbasket,0,0,,0,,40197853
2026-05-22,bigbasket,6.48,2,,0,,40197852
2026-05-22,bigbasket,160.31,206,,596,,40197854
2026-05-29,bigbasket,2.4,4,,0,,40197852
2026-05-21,bigbasket,0,0,,0,,40197857
2026-06-11,bigbasket,994.92,1115,,1430,,40197850
2026-05-20,bigbasket,390.34,547,,1744,,40197858
2026-05-20,bigbasket,0,0,,0,,40220814
2026-06-05,bigbasket,17.52,27,,99,,40220812
2026-05-25,bigbasket,145.43,181,,599,,40359934
2026-05-25,bigbasket,179.68,236,,89,,40220813
2026-06-12,bigbasket,0,0,,0,,40197856
2026-05-07,bigbasket,2.01,3,,0,,40197854
2026-05-27,bigbasket,832.8,1380,,928,,40197851
2026-06-01,bigbasket,0,0,,0,,40349409
2026-06-01,bigbasket,0,0,,0,,40197861
2026-05-23,bigbasket,664.62,650,,1075,,40359935
2026-06-14,bigbasket,1012.48,1128,,1988,,40197850
2026-07-24,bigbasket,998.03,1214,,10897,,40220813
2026-06-27,bigbasket,691.31,933,,4509,,40197854
2026-06-15,bigbasket,491.72,589,,1750,,40197850
2026-06-24,bigbasket,0,0,,0,,40197851
2026-06-13,bigbasket,455.7,730,,521,,40197851
2026-06-13,bigbasket,1.2,2,,0,,40197852
2026-07-19,bigbasket,576.6,610,,3437,,40349409
2026-07-17,bigbasket,444.6,721,,6987,,40197851
2026-06-28,bigbasket,665.03,867,,1657,,40220813
2026-05-12,bigbasket,0,0,,0,,40197850
2026-05-12,bigbasket,0,0,,0,,40197854
2026-07-15,bigbasket,299.97,337,,1493,,40349409
2026-07-20,bigbasket,495.26,528,,1550,,40359936
2026-07-21,bigbasket,969.06,1281,,10200,,40220813
2026-06-17,bigbasket,0,0,,0,,40220813
2026-06-17,bigbasket,162.86,261,,875,,40197860
2026-07-16,bigbasket,317.31,349,,815,,40359936
2026-06-22,bigbasket,844.22,1217,,2378,,40220813
2026-07-22,bigbasket,715.03,770,,1690,,40359936
2026-06-07,bigbasket,550.36,760,,1969,,40197858
2026-06-06,bigbasket,665.48,911,,5765,,40197858
2026-06-06,bigbasket,0,0,,0,,40197856
2026-06-26,bigbasket,411.88,565,,2003,,40197858
2026-06-26,bigbasket,686.49,877,,3625,,40220813
2026-06-26,bigbasket,0,0,,0,,40359936
2026-05-31,bigbasket,557.3,921,,2358,,40197851
2026-05-04,bigbasket,1040.23,1248,,6299,,40197850
2026-05-22,bigbasket,658.05,891,,3607,,40349409
2026-05-22,bigbasket,18.35,22,,0,,40220813
2026-05-22,bigbasket,451.16,613,,3090,,40220812
2026-05-21,bigbasket,317.02,410,,1061,,40197854
2026-05-21,bigbasket,559.76,586,,1342,,40302639
2026-05-30,bigbasket,1696.6,1928,,13051,,40197850
2026-06-05,bigbasket,236.3,387,,1462,,40197851
2026-05-25,bigbasket,557.4,918,,1189,,40197851
2026-06-12,bigbasket,344.02,289,,884,,40359935
2026-06-08,bigbasket,162.79,243,,998,,40197860
2026-06-08,bigbasket,938.5,1078,,2280,,40359935
2026-05-07,bigbasket,0,0,,0,,40220812
2026-05-01,bigbasket,1174.96,1291,,5004,,40197854
2026-07-24,bigbasket,406.22,221,,5644,,40359935
2026-07-24,bigbasket,733.34,870,,3569,,40359934
2026-06-27,bigbasket,0,0,,0,,40359935
2026-06-15,bigbasket,792.84,821,,437,,40197854
2026-06-29,bigbasket,406.38,581,,2119,,40197858
2026-06-29,bigbasket,596.5,817,,1056,,40220813
2026-06-29,bigbasket,0,0,,0,,40197850
2026-07-04,bigbasket,0,0,,0,,40197850
2026-06-25,bigbasket,0,0,,0,,40197858
2026-06-13,bigbasket,312.94,225,,676,,40359935
2026-07-23,bigbasket,525.89,582,,2004,,40359934
2026-06-19,bigbasket,235.05,366,,1974,,40197860
2026-06-28,bigbasket,216.48,291,,0,,40197860
2026-07-07,bigbasket,271.51,313,,698,,40359936
2026-07-05,bigbasket,967.02,1063,,9869,,40220813
2026-07-20,bigbasket,1102.95,1386,,11017,,40220813
2026-07-16,bigbasket,1173.97,1537,,13281,,40220813
2026-06-09,bigbasket,509.6,834,,1311,,40197851
2026-07-22,bigbasket,575.63,622,,1295,,40349409
2026-06-06,bigbasket,548.67,773,,4176,,40197860
2026-06-06,bigbasket,947.04,1017,,3450,,40359935
2026-05-28,bigbasket,1558.64,1983,,2875,,40359936
2026-05-22,bigbasket,434.56,532,,4124,,40220813
2026-05-22,bigbasket,298.39,409,,3343,,40197858
2026-06-02,bigbasket,0,0,,0,,40349409
2026-05-29,bigbasket,1034.88,985,,3325,,40359935
2026-05-21,bigbasket,0,0,,0,,40302635
2026-05-30,bigbasket,137.57,157,,1137,,40220813
2026-05-20,bigbasket,332,458,,807,,40220813
2026-05-24,bigbasket,0,0,,0,,40220812
2026-05-10,bigbasket,0,0,,0,,40220812
2026-06-14,bigbasket,197.79,208,,1096,,40197860
2026-06-14,bigbasket,466.46,649,,2194,,40197858
2026-07-24,bigbasket,100.8,165,,992,,40197851
2026-06-15,bigbasket,433.92,674,,1118,,40197854
2026-06-29,bigbasket,204.78,298,,1865,,40197860
2026-07-08,bigbasket,329.05,360,,783,,40359936
2026-07-04,bigbasket,758.34,861,,6782,,40220813
2026-07-09,bigbasket,929.03,1174,,8855,,40220813
2026-06-24,bigbasket,459.09,676,,3777,,40197858
2026-06-24,bigbasket,0,0,,0,,40197858
2026-06-25,bigbasket,209.12,270,,812,,40220813
2026-06-13,bigbasket,0,0,,0,,40197852
2026-06-16,bigbasket,488.5,728,,2285,,40220813
2026-06-16,bigbasket,1.8,2,,0,,40197852
2026-06-16,bigbasket,329.4,354,,604,,40197851
2026-06-28,bigbasket,0,0,,0,,40197850
2026-05-26,bigbasket,754.22,719,,1119,,40359935
2026-07-10,bigbasket,333.86,367,,2211,,40359936
2026-07-25,bigbasket,703.33,769,,3631,,40359936
2026-07-25,bigbasket,730.85,846,,4846,,40220813
2026-07-25,bigbasket,775.69,886,,9926,,40349409
2026-06-20,bigbasket,594.91,625,,2478,,40197854
2026-06-20,bigbasket,486.14,417,,1006,,40359935
2026-05-03,bigbasket,1436.04,1615,,7971,,40197850
2026-06-18,bigbasket,278.56,446,,846,,40197858
2026-06-09,bigbasket,227.94,358,,1595,,40197858
2026-07-11,bigbasket,479.35,547,,721,,40349409
2026-05-22,bigbasket,0,0,,0,,40197855
2026-05-21,bigbasket,0,0,,0,,40220814
2026-06-11,bigbasket,205.42,320,,2335.92,,40197860
2026-06-10,bigbasket,281.28,450,,2458,,40197858
2026-05-07,bigbasket,2.04,3,,0,,40197861
2026-05-27,bigbasket,1405.54,1665,,2980,,40197850
2026-05-27,bigbasket,1234.32,1563,,2152,,40220813
2026-05-27,bigbasket,1213.3,1515,,2649,,40359936
2026-05-01,bigbasket,1044.5,1153,,4918,,40220812
2026-06-01,bigbasket,0,0,,0,,40359935
2026-05-23,bigbasket,1031.67,1328,,5282,,40349409
2026-06-14,bigbasket,0,0,,0,,40197852
2026-07-02,bigbasket,0,0,,0,,40197854
2026-06-27,bigbasket,427.72,566,,3744,,40197858
2026-07-08,bigbasket,517.39,579,,1570,,40359934
2026-06-13,bigbasket,686.85,674,,3329,,40197858
2026-06-13,bigbasket,374.06,280,,675,,40197850
2026-07-06,bigbasket,538.89,593,,1932,,40359934
2026-07-18,bigbasket,713.78,776,,2883,,40359934
2026-06-23,bigbasket,0,0,,0,,40197850
2026-06-16,bigbasket,521.48,433,,457,,40359935
2026-07-17,bigbasket,309.68,342,,3571,,40349409
2026-06-19,bigbasket,445.76,466,,288,,40197854
2026-06-19,bigbasket,530.64,544,,2965,,40197858
2026-06-19,bigbasket,827.07,1189,,4545,,40197854
2026-07-12,bigbasket,1071.8,1366,,9831,,40220813
2026-07-13,bigbasket,943.35,1241,,9787,,40220813
2026-07-05,bigbasket,249.75,285,,516,,40359936
2026-06-21,bigbasket,827.7,1216,,4288,,40197854
2026-06-21,bigbasket,567.74,595,,935,,40197854
2026-07-20,bigbasket,213.28,97,,1329,,40359935
2026-07-20,bigbasket,24,37,,376,,40197851
2026-07-21,bigbasket,232.9,300,,288,,40359934
2026-05-26,bigbasket,2.4,4,,0,,40197852
2026-07-26,bigbasket,806.89,909,,3539,,40359934
2026-06-03,bigbasket,0,0,,0,,40359934
2026-06-18,bigbasket,651.18,535,,1148,,40197850
2026-06-17,bigbasket,284.01,450,,1284,,40197858
2026-06-07,bigbasket,0,0,,0,,40197856
2026-05-06,bigbasket,112.31,157,,258,,40197861
2026-06-26,bigbasket,163.57,244,,1775,,40197860
2026-05-22,bigbasket,261.6,431,,566,,40197851
2026-05-22,bigbasket,0.6,1,,0,,40220814
2026-05-22,bigbasket,0,0,,0,,40220812
2026-06-02,bigbasket,0,0,,0,,40359934
2026-05-29,bigbasket,1647.15,2116,,5625,,40359934
2026-05-30,bigbasket,1391.28,1482,,4383,,40359935
2026-06-11,bigbasket,881.88,971,,3130,,40359935
2026-05-14,bigbasket,0,0,,0,,40197854
2026-06-10,bigbasket,0,0,,0,,40359936
2026-06-10,bigbasket,907.74,1092,,1767,,40359935
2026-06-10,bigbasket,559.94,869,,1132,,40197854
2026-05-20,bigbasket,0,0,,0,,40197856
2026-05-20,bigbasket,241.24,332,,199,,40197860
2026-06-08,bigbasket,0,0,,0,,40197856
2026-06-04,bigbasket,0,0,,0,,40359935
2026-05-19,bigbasket,477.33,515,,3914,,40197850
2026-05-19,bigbasket,332.72,451,,1914,,40197858
2026-06-14,bigbasket,849.48,943,,437,,40359935
2026-06-14,bigbasket,0,0,,0,,40197852
2026-07-14,bigbasket,217.76,263,,1852,,40359934
2026-06-15,bigbasket,319.9,511,,687,,40197851
2026-06-29,bigbasket,712.15,1025,,839,,40197854
2026-06-24,bigbasket,826.33,1112,,1694,,40220813
2026-07-01,bigbasket,472.19,581,,576,,40197854
2026-07-01,bigbasket,512.64,605,,563,,40220813
2026-06-13,bigbasket,283.5,305,,396,,40197851
2026-06-16,bigbasket,0,0,,0,,40197851
2026-06-19,bigbasket,515.64,400,,507,,40359935
2026-07-07,bigbasket,460.12,534,,2551,,40359934
2026-06-21,bigbasket,492.3,374,,2730,,40359935
2026-07-10,bigbasket,959.92,1184,,12774,,40220813
2026-06-20,bigbasket,237.46,374,,1735,,40197860
2026-07-26,bigbasket,685.62,765,,1899,,40359936
2026-06-17,bigbasket,635.74,522,,861,,40197850
2026-06-17,bigbasket,447.11,460,,1473,,40197858
2026-07-22,bigbasket,742.2,809,,1151,,40359934
2026-06-07,bigbasket,2.4,4,,0,,40197852
2026-05-02,bigbasket,1197.2,1274,,5213,,40197854
2026-05-28,bigbasket,975.6,1617,,2920,,40197851
2026-05-31,bigbasket,1682.15,1992,,4047,,40359936
2026-05-22,bigbasket,380.89,566,,1004,,40359934
2026-05-22,bigbasket,457.87,565,,944,,40359936
2026-05-29,bigbasket,1327.59,1667,,4832,,40359936
2026-05-30,bigbasket,756.2,1250,,5552,,40197851
2026-05-30,bigbasket,217.08,258,,989,,40359934
2026-06-11,bigbasket,0,0,,0,,40359936
2026-05-25,bigbasket,250.4,323,,488,,40359936
2026-05-25,bigbasket,0,0,,0,,40220812
2026-05-25,bigbasket,0,0,,0,,40197854
2026-06-04,bigbasket,0,0,,0,,40359934
2026-05-27,bigbasket,705,574,,3967,,40359935
2026-06-01,bigbasket,1.2,1,,0,,40197850
2026-06-14,bigbasket,545.3,886,,764,,40197851
2026-07-02,bigbasket,0,0,,0,,40197858
2026-07-04,bigbasket,293.84,337,,844,,40359936
2026-07-04,bigbasket,811.61,972,,7526,,40349409
2026-06-25,bigbasket,0,0,,0,,40359935
2026-06-13,bigbasket,1058.62,1153,,3084,,40197850
2026-06-13,bigbasket,0,0,,0,,40197856
2026-07-18,bigbasket,1104.15,1406,,11155,,40220813
2026-07-19,bigbasket,817.84,892,,1322,,40359934
2026-07-17,bigbasket,639.93,720,,3280,,40359934
2026-06-19,bigbasket,686.9,553,,2433,,40197850
2026-05-12,bigbasket,0,0,,0,,40197861
2026-07-07,bigbasket,503.62,575,,1165,,40349409
2026-07-15,bigbasket,1092.19,1432,,10644,,40220813
2026-06-21,bigbasket,98.01,102,,0,,40197860
2026-06-21,bigbasket,0,0,,0,,40359935
2026-07-03,bigbasket,0,0,,0,,40197850
2026-05-26,bigbasket,783.6,1297,,709,,40197851
2026-07-25,bigbasket,974.55,1137,,4738,,40359934
2026-06-18,bigbasket,84.62,92,,0,,40197860
2026-06-18,bigbasket,147.71,234,,1401,,40197860
2026-06-18,bigbasket,0,0,,0,,40197851
2026-06-17,bigbasket,464.7,703,,975,,40220813
2026-06-17,bigbasket,0,0,,0,,40197851
2026-07-16,bigbasket,405.63,436,,1740,,40349409
2026-06-09,bigbasket,0,0,,0,,40197852
2026-06-07,bigbasket,0,0,,0,,40359934
2026-06-06,bigbasket,7.68,4,,0,,40197852
2026-05-06,bigbasket,142.29,180,,465,,40197850
2026-05-22,bigbasket,290.82,398,,518,,40197861
2026-05-30,bigbasket,184.18,211,,1054,,40359936
2026-06-11,bigbasket,539.6,879,,1732,,40197851
2026-06-11,bigbasket,583.04,885,,1511,,40197854
2026-06-11,bigbasket,0,0,,0,,40197852
2026-05-20,bigbasket,858.09,907,,5498,,40197850
2026-06-05,bigbasket,57.2,91,,517,,40197858
2026-05-24,bigbasket,0,0,,0,,40197854
2026-05-10,bigbasket,0,0,,0,,40197861
2026-05-19,bigbasket,121.18,162,,0,,40197861
2026-05-19,bigbasket,0,0,,0,,40302635
2026-06-01,bigbasket,0,0,,0,,40197854
2026-06-14,bigbasket,794.25,802,,864,,40197854
2026-06-27,bigbasket,0,0,,0,,40197850
2026-06-15,bigbasket,498.48,515,,1382,,40359935
2026-07-08,bigbasket,1017.55,1271,,10475,,40220813
2026-06-13,bigbasket,313.78,413,,0,,40197860
2026-07-06,bigbasket,320.71,358,,486,,40359936
2026-07-06,bigbasket,0,0,,0,,40197850
2026-06-23,bigbasket,834.32,1193,,2973,,40220813
2026-06-16,bigbasket,0,0,,0,,40359935
2026-07-17,bigbasket,359.2,168,,4087,,40359935
2026-07-13,bigbasket,396.7,441,,1782,,40349409
2026-07-15,bigbasket,462.18,553,,3708,,40359934
2026-07-05,bigbasket,549.83,590,,2577,,40359934
2026-06-21,bigbasket,447,675,,1802,,40197858
2026-05-26,bigbasket,1287.22,1544,,3965,,40197850
2026-05-26,bigbasket,774.93,973,,2211,,40220813
2026-05-03,bigbasket,1094.24,1149,,3118,,40220812
2026-06-18,bigbasket,0,0,,0,,40359936
2026-06-17,bigbasket,545.18,427,,278,,40359935
2026-06-09,bigbasket,906.76,1071,,2772,,40359935
2026-06-07,bigbasket,0,0,,0,,40220813
2026-06-06,bigbasket,1142.21,1582,,4799,,40197854
2026-05-28,bigbasket,2058.66,2628,,4368,,40349409
2026-05-31,bigbasket,2603.51,3254,,10169,,40359934
2026-05-22,bigbasket,18.48,24,,0,,40197860
2026-05-22,bigbasket,0,0,,0,,40302635
2026-05-11,bigbasket,0,0,,0,,40197854
2026-05-21,bigbasket,347.73,454,,1464,,40197858
2026-05-20,bigbasket,0,0,,0,,40197853
2026-06-05,bigbasket,501.08,481,,1094,,40359935
2026-06-05,bigbasket,47.23,72,,499,,40197860
2026-06-05,bigbasket,0,0,,0,,40197856
2026-05-24,bigbasket,3.44,4,,119,,40197852
2026-05-25,bigbasket,311.48,406,,199,,40349409
2026-06-12,bigbasket,0,0,,0,,40197852
2026-06-08,bigbasket,1.2,2,,0,,40197852
2026-06-04,bigbasket,0,0,,0,,40220813
2026-05-19,bigbasket,87.78,112,,0,,40197854
2026-06-27,bigbasket,160.84,220,,119,,40197860
2026-06-15,bigbasket,379.7,312,,873,,40197850
2026-06-29,bigbasket,0,0,,0,,40197850
2026-06-24,bigbasket,875.41,1229,,3445,,40197854
2026-06-25,bigbasket,78.1,113,,846,,40197858
2026-07-18,bigbasket,522.7,552,,2595,,40349409
2026-07-18,bigbasket,430.12,192,,3672,,40359935
2026-06-23,bigbasket,453.61,703,,4338,,40197858
2026-06-16,bigbasket,331.77,517,,1520,,40197858
2026-06-16,bigbasket,604.52,522,,1477,,40197850
2026-06-19,bigbasket,0,0,,0,,40197850
2026-06-19,bigbasket,883.27,1207,,2270,,40220813
2026-06-28,bigbasket,662.39,904,,3076,,40197854
2026-06-28,bigbasket,0,0,,0,,40197851
2026-07-05,bigbasket,0,0,,0,,40359935
2026-06-21,bigbasket,883.45,1237,,3173,,40220813
2026-07-20,bigbasket,891.35,999,,3643,,40359934
2026-05-26,bigbasket,680.85,814,,6818,,40359934
2026-06-20,bigbasket,448.53,675,,1813,,40197858
2026-05-03,bigbasket,1021.56,1128,,3278,,40197861
2026-06-18,bigbasket,0,0,,0,,40220812
2026-06-17,bigbasket,107.42,113,,0,,40197860
2026-06-17,bigbasket,0,0,,0,,40359936
2026-06-22,bigbasket,242.47,385,,1275,,40197860
2026-05-28,bigbasket,1118.32,1350,,4017,,40359934
2026-05-06,bigbasket,136.67,193,,319,,40197854
2026-07-11,bigbasket,1070.54,1334,,12621,,40220813
2026-06-26,bigbasket,676.29,910,,3519,,40197854
2026-05-29,bigbasket,1782.72,2317,,3404,,40349409
2026-05-21,bigbasket,0,0,,0,,40197854
2026-06-05,bigbasket,0,0,,0,,40359936
2026-05-24,bigbasket,1299.32,1544,,4795,,40197850
2026-06-12,bigbasket,403.96,354,,887,,40197850
2026-06-12,bigbasket,907.72,836,,3410,,40359935
2026-06-12,bigbasket,265.92,384,,616,,40220813
2026-05-10,bigbasket,0,0,,0,,40197850
2026-06-08,bigbasket,518.9,854,,2375,,40197851
2026-05-01,bigbasket,1014.34,1159,,4963,,40197861
2026-06-14,bigbasket,865.81,1198,,1520,,40197854
2026-06-15,bigbasket,6.3,7,,0,,40197851
2026-06-29,bigbasket,0,0,,0,,40359935
2026-06-13,bigbasket,833.31,1094,,705,,40197854
2026-06-19,bigbasket,86.05,93,,199,,40197860
2026-07-21,bigbasket,15,25,,0,,40197851
2026-07-10,bigbasket,606.67,683,,2307,,40359934
2026-06-20,bigbasket,828.87,1189,,5248,,40197854
2026-06-18,bigbasket,539.35,846,,1441,,40197854
2026-05-05,bigbasket,633.19,855,,2662,,40220812
2026-06-07,bigbasket,912.4,1025,,3241,,40359935
2026-06-07,bigbasket,945.3,1300,,4376,,40197854
2026-05-15,bigbasket,0,0,,0,,40220812
2026-05-31,bigbasket,2.32,3,,0,,40197852
2026-05-22,bigbasket,0,0,,0,,40197856
2026-05-21,bigbasket,296.88,397,,2535,,40197861
2026-06-10,bigbasket,0,0,,0,,40197856
2026-05-08,bigbasket,1.51,1,,0,,40197854
2026-06-05,bigbasket,0,0,,0,,40359934
2026-05-27,bigbasket,14.76,7,,0,,40197852
2026-05-01,bigbasket,1457.1,1598,,9752,,40197850
2026-06-01,bigbasket,0,0,,0,,40359936
2026-07-14,bigbasket,184.08,202,,488,,40349409
2026-07-14,bigbasket,736.42,979,,8363,,40220813
2026-07-14,bigbasket,53.49,66,,767,,40359936
2026-06-15,bigbasket,792.76,800,,3636,,40197858
2026-06-15,bigbasket,407.09,594,,178,,40220813
2026-06-15,bigbasket,279.12,220,,169,,40359935
2026-07-04,bigbasket,570.53,639,,3482,,40359934
2026-06-24,bigbasket,247.62,363,,2218,,40197860
2026-07-06,bigbasket,652.59,710,,1596,,40349409
2026-06-23,bigbasket,0,0,,0,,40359935
2026-06-16,bigbasket,362.86,380,,417,,40197854
2026-06-16,bigbasket,181.14,290,,1453,,40197860
2026-07-23,bigbasket,320.78,168,,2301,,40359935
2026-07-23,bigbasket,460.06,500,,3468,,40349409
2026-07-12,bigbasket,333.78,387,,1215,,40359936
2026-07-13,bigbasket,417.79,495,,1003,,40359934
2026-07-05,bigbasket,666.87,702,,2437,,40349409
2026-07-03,bigbasket,0,0,,0,,40220813
2026-05-26,bigbasket,993.18,1245,,815,,40359936
2026-06-09,bigbasket,0,0,,0,,40197856
2026-06-22,bigbasket,0,0,,0,,40197850
2026-05-05,bigbasket,745.34,988,,1940,,40197854
2026-05-02,bigbasket,1312.24,1478,,8610,,40197850
2026-06-26,bigbasket,0,0,,0,,40197850
2026-05-04,bigbasket,979.2,1185,,3037,,40220812
2026-05-22,bigbasket,1080.86,1287,,4049,,40197850
2026-05-22,bigbasket,0,0,,0,,40197857
2026-05-29,bigbasket,444.3,736,,4728,,40197851
2026-05-21,bigbasket,1166.24,1368,,8613,,40197850
2026-05-21,bigbasket,364.22,454,,1360,,40220812
2026-05-21,bigbasket,0,0,,0,,40197856
2026-06-11,bigbasket,315.33,493,,2787,,40197858
2026-06-11,bigbasket,0,0,,0,,40197856
2026-05-20,bigbasket,75.1,98,,457,,40197861
2026-05-08,bigbasket,1.72,2,,0,,40197850
2026-06-05,bigbasket,261.63,401,,1614,,40197854
2026-05-24,bigbasket,1411.67,1805,,6173,,40349409
2026-06-12,bigbasket,444.84,649,,1857,,40197854
2026-06-08,bigbasket,949.36,1112,,3533,,40197850
2026-06-08,bigbasket,0,0,,0,,40359936
2026-06-04,bigbasket,0,0,,0,,40197850
2026-05-19,bigbasket,365.46,488,,0,,40220813
2026-05-19,bigbasket,541.86,708,,624,,40302639
2026-05-23,bigbasket,471.6,781,,947,,40197851
2026-06-14,bigbasket,210.46,185,,366,,40197850
2026-07-08,bigbasket,559.65,629,,1405,,40349409
2026-07-09,bigbasket,550.62,631,,1572,,40349409
2026-06-30,bigbasket,406.45,529,,933,,40197854
2026-06-19,bigbasket,468.27,678,,1492,,40197858
2026-06-28,bigbasket,393.59,515,,2928,,40197858
2026-07-07,bigbasket,0,0,,0,,40197854
2026-06-21,bigbasket,254.27,403,,956,,40197860
2026-07-03,bigbasket,816.79,971,,4212,,40349409
2026-07-03,bigbasket,0,0,,0,,40197860
2026-07-10,bigbasket,514.87,564,,645,,40349409
2026-07-25,bigbasket,170.45,100,,2061,,40359935
2026-06-20,bigbasket,135.9,149,,594,,40197851
2026-07-26,bigbasket,810.24,917,,4775,,40349409
2026-06-18,bigbasket,451.46,679,,1242,,40220813
2026-06-18,bigbasket,312.3,339,,984,,40197851
2026-06-18,bigbasket,505.77,534,,2736,,40197858
2026-06-17,bigbasket,339.8,347,,617,,40197854
2026-07-16,bigbasket,518.77,623,,1668,,40359934
2026-06-09,bigbasket,474.77,727,,2267,,40197854
2026-06-09,bigbasket,0,0,,0,,40359936
2026-06-09,bigbasket,157.57,240,,2811,,40197860
2026-05-28,bigbasket,1939.86,2202,,5051,,40197850
2026-05-11,bigbasket,0,0,,0,,40197861
2026-05-29,bigbasket,1031.25,1266,,2697,,40220813
2026-06-10,bigbasket,200.25,312,,3194,,40197860
2026-06-05,bigbasket,0,0,,0,,40197852
2026-05-24,bigbasket,0,0,,0,,40197861
2026-05-24,bigbasket,912.16,1108,,3175,,40359934
2026-05-25,bigbasket,1077.7,1215,,3725,,40197850
2026-06-12,bigbasket,0,0,,0,,40197856
2026-06-12,bigbasket,225.83,345,,2102,,40197858
2026-06-12,bigbasket,148.55,220,,0,,40197860
2026-05-19,bigbasket,0,0,,0,,40220814
2026-06-01,bigbasket,1.2,1,,0,,40197851
2026-06-14,bigbasket,780.57,1047,,957,,40220813
2026-07-24,bigbasket,566.94,668,,4240,,40359936
2026-06-27,bigbasket,658.59,814,,2801,,40220813
2026-07-04,bigbasket,0,0,,0,,40359935
2026-07-09,bigbasket,320.14,359,,139,,40359936
2026-06-13,bigbasket,0,0,,0,,40197856
2026-06-16,bigbasket,0,0,,0,,40197850
2026-07-12,bigbasket,511.78,559,,1116,,40349409
2026-07-12,bigbasket,510.8,594,,2098,,40359934
2026-07-21,bigbasket,74.96,44,,178,,40359935
2026-07-21,bigbasket,1.2,2,,0,,40197852
2026-07-03,bigbasket,0,0,,0,,40197858
2026-07-26,bigbasket,348.91,169,,3355,,40359935
2026-06-18,bigbasket,549.72,449,,1872,,40359935
2026-06-17,bigbasket,346.5,379,,1115,,40197851
2026-06-17,bigbasket,0,0,,0,,40349409
2026-07-22,bigbasket,236.52,133,,1789,,40359935
2026-06-06,bigbasket,0,0,,0,,40359934
2026-06-06,bigbasket,413.3,679,,1591,,40197851
2026-05-02,bigbasket,1067.32,1167,,4784,,40220812
2026-05-22,bigbasket,592.7,672,,2546,,40302639
2026-05-30,bigbasket,6.48,2,,0,,40197852
2026-05-14,bigbasket,0,0,,0,,40197850
2026-06-10,bigbasket,504.6,835,,1906,,40197851
2026-05-08,bigbasket,0,0,,0,,40220812
2026-06-05,bigbasket,530.62,538,,1590,,40197850
2026-05-24,bigbasket,0,0,,0,,40302639
2026-05-24,bigbasket,660.08,646,,2425,,40359935
2026-05-25,bigbasket,0,0,,0,,40197861
2026-06-12,bigbasket,467.9,758,,2786,,40197851
2026-06-08,bigbasket,216.41,335,,795,,40197858
2026-05-19,bigbasket,219.94,300,,139,,40197860
2026-05-06,blinkit,75.5,151,,594.0,dona,
2026-05-06,blinkit,58.8,98,,297.0,paper bowl,
2026-05-06,blinkit,73.6,92,,198.0,small bowl,
2026-05-06,blinkit,125.6,256,,783.0,bowls,
2026-05-06,blinkit,1678.5,1104,,5905.0,disposable bowl,
2026-05-06,blinkit,713.6,1784,,3523.0,paper plate,
2026-05-06,blinkit,479.2,1198,,1615.0,paper plates,
2026-05-07,blinkit,122.5,245,,1169.0,dona,
2026-05-07,blinkit,136.2,227,,1339.0,paper bowl,
2026-05-07,blinkit,122.4,153,,297.0,small bowl,
2026-05-07,blinkit,194.6,397,,1160.0,bowls,
2026-05-07,blinkit,3104.1,2041,,11824.0,disposable bowl,
2026-05-07,blinkit,991.2,2478,,3498.0,paper plate,
2026-05-07,blinkit,695.2,1738,,1022.0,paper plates,
2026-05-08,blinkit,138,276,,1219.0,dona,
2026-05-08,blinkit,152.4,254,,1179.0,paper bowl,
2026-05-08,blinkit,138.4,173,,99.0,small bowl,
2026-05-08,blinkit,164.9,336,,851.0,bowls,
2026-05-08,blinkit,3408.1,2241,,13704.0,disposable bowl,
2026-05-08,blinkit,1167.6,2919,,4151.0,paper plate,
2026-05-08,blinkit,835.2,2088,,3673.0,paper plates,
2026-05-09,blinkit,140,280,,2366.0,dona,
2026-05-09,blinkit,190.2,317,,1487.0,paper bowl,
2026-05-09,blinkit,134.4,168,,396.0,small bowl,
2026-05-09,blinkit,219.2,446,,396.0,bowls,
2026-05-09,blinkit,3793.8,2495,,18955.0,disposable bowl,
2026-05-09,blinkit,1360.8,3402,,5193.0,paper plate,
2026-05-09,blinkit,912,2280,,5701.0,paper plates,
2026-05-10,blinkit,147.5,295,,1287.0,dona,
2026-05-10,blinkit,178.8,298,,1863.0,paper bowl,
2026-05-10,blinkit,147.2,184,,297.0,small bowl,
2026-05-10,blinkit,231.9,472,,783.0,bowls,
2026-05-10,blinkit,3727.2,2451,,16107.0,disposable bowl,
2026-05-10,blinkit,1262,3155,,3569.0,paper plate,
2026-05-10,blinkit,770.4,1926,,3708.0,paper plates,
2026-05-11,blinkit,126.5,253,,1418.0,dona,
2026-05-11,blinkit,102,170,,684.0,paper bowl,
2026-05-11,blinkit,115.2,144,,198.0,small bowl,
2026-05-11,blinkit,180.3,368,,297.0,bowls,
2026-05-11,blinkit,2420.1,1592,,9972.0,disposable bowl,
2026-05-11,blinkit,200,500,,237.0,paper plate,
2026-05-11,blinkit,465.2,1163,,764.0,paper plates,
2026-05-11,blinkit,2935.8,4194,,5294.0,paper plate,
2026-05-12,blinkit,154,308,,1883.0,dona,
2026-05-12,blinkit,108,180,,1071.0,paper bowl,
2026-05-12,blinkit,137.6,172,,495.0,small bowl,
2026-05-12,blinkit,170.6,348,,1776.0,bowls,
2026-05-12,blinkit,2640.7,1737,,11597.0,disposable bowl,
2026-05-12,blinkit,491.6,1229,,1659.0,paper plates,
2026-05-12,blinkit,4451.3,6359,,7178.0,paper plate,
2026-05-13,blinkit,163,326,,3559.0,dona,
2026-05-13,blinkit,113.4,189,,1575.0,paper bowl,
2026-05-13,blinkit,93.6,117,,99.0,small bowl,
2026-05-13,blinkit,188.7,385,,1079.0,bowls,
2026-05-13,blinkit,2756.8,1813,,10813.0,disposable bowl,
2026-05-13,blinkit,482.4,1206,,1033.0,paper plates,
2026-05-13,blinkit,4542.3,6489,,6883.0,paper plate,
2026-05-14,blinkit,160.5,321,,1656.0,dona,
2026-05-14,blinkit,139.2,232,,1109.0,paper bowl,
2026-05-14,blinkit,101.6,127,,198.0,small bowl,
2026-05-14,blinkit,213.7,436,,754.0,bowls,
2026-05-14,blinkit,3132.7,2060,,12713.0,disposable bowl,
2026-05-14,blinkit,500.8,1252,,2617.0,paper plates,
2026-05-14,blinkit,4939.9,7057,,11378.0,paper plate,
2026-05-15,blinkit,210,420,,2340.0,dona,
2026-05-15,blinkit,169.8,283,,2142.0,paper bowl,
2026-05-15,blinkit,131.2,164,,297.0,small bowl,
2026-05-15,blinkit,207.8,424,,1080.0,bowls,
2026-05-15,blinkit,3283.1,2159,,10981.0,disposable bowl,
2026-05-15,blinkit,646,1615,,2023.0,paper plates,
2026-05-15,blinkit,5443.9,7777,,9263.0,paper plate,
2026-05-16,blinkit,217.5,435,,2160.0,dona,
2026-05-16,blinkit,160.2,267,,1080.0,paper bowl,
2026-05-16,blinkit,136,170,,297.0,small bowl,
2026-05-16,blinkit,269.1,550,,1089.0,bowls,
2026-05-16,blinkit,4075.4,2680,,14090.0,disposable bowl,
2026-05-16,blinkit,761.6,1904,,3098.0,paper plates,
2026-05-16,blinkit,5871.6,8388,,10215.0,paper plate,
2026-05-17,blinkit,140.5,281,,981.0,dona,
2026-05-17,blinkit,186,310,,1764.0,paper bowl,
2026-05-17,blinkit,167.2,209,,693.0,small bowl,
2026-05-17,blinkit,208.1,424,,783.0,bowls,
2026-05-17,blinkit,3615.7,2378,,13105.0,disposable bowl,
2026-05-17,blinkit,738.8,1847,,3146.0,paper plates,
2026-05-17,blinkit,6307.7,9011,,11526.0,paper plate,
2026-05-18,blinkit,153,306,,2142.0,dona,
2026-05-18,blinkit,135,225,,1269.0,paper bowl,
2026-05-18,blinkit,132.8,166,,486.0,small bowl,
2026-05-18,blinkit,176.9,360,,198.0,bowls,
2026-05-18,blinkit,2622.4,1725,,7639.0,disposable bowl,
2026-05-18,blinkit,519.6,1299,,1976.0,paper plates,
2026-05-18,blinkit,4166.4,5952,,6605.0,paper plate,
2026-05-19,blinkit,112,224,,1190.0,dona,
2026-05-19,blinkit,129.6,216,,1398.0,paper bowl,
2026-05-19,blinkit,152,190,,198.0,small bowl,
2026-05-19,blinkit,151.1,307,,594.0,bowls,
2026-05-19,blinkit,2787.1,1833,,9763.0,disposable bowl,
2026-05-19,blinkit,300.4,751,,914.0,paper plates,
2026-05-19,blinkit,4376.4,6252,,6683.0,paper plate,
2026-05-19,blinkit,273.5,547,,507.0,paper plates,
2026-05-20,blinkit,136,272,,1071.0,dona,
2026-05-20,blinkit,147,245,,891.0,paper bowl,
2026-05-20,blinkit,115.2,144,,99.0,small bowl,
2026-05-20,blinkit,148.5,302,,625.0,bowls,
2026-05-20,blinkit,2920.7,1921,,13018.0,disposable bowl,
2026-05-20,blinkit,5007.8,7154,,8634.0,paper plate,
2026-05-20,blinkit,716.5,1433,,1677.0,paper plates,
2026-05-21,blinkit,150,300,,1735.0,dona,
2026-05-21,blinkit,126.6,211,,198.0,paper bowl,
2026-05-21,blinkit,130.4,163,,99.0,small bowl,
2026-05-21,blinkit,152.4,310,,466.0,bowls,
2026-05-21,blinkit,2976.8,1958,,11126.0,disposable bowl,
2026-05-21,blinkit,2408,3440,,4661.0,paper plate,
2026-05-21,blinkit,690.5,1381,,2441.0,paper plates,
2026-05-21,blinkit,1893.1,2900,,3282.0,paper plate,
2026-05-22,blinkit,133.5,267,,693.0,dona,
2026-05-22,blinkit,148.2,247,,1626.0,paper bowl,
2026-05-22,blinkit,126.4,158,,625.0,small bowl,
2026-05-22,blinkit,161,328,,614.0,bowls,
2026-05-22,blinkit,3254.5,2140,,9811.0,disposable bowl,
2026-05-22,blinkit,0.7,1,,0.0,paper plate,
2026-05-22,blinkit,356.5,713,,1430.0,paper plates,
2026-05-22,blinkit,2743.8,4208,,6467.0,paper plate,
2026-05-23,blinkit,142.5,285,,981.0,dona,
2026-05-23,blinkit,178.2,297,,822.0,paper bowl,
2026-05-23,blinkit,140.8,176,,486.0,small bowl,
2026-05-23,blinkit,177.3,361,,486.0,bowls,
2026-05-23,blinkit,3933.7,2587,,14184.0,disposable bowl,
2026-05-24,blinkit,184,368,,2072.0,dona,
2026-05-24,blinkit,152.4,254,,1773.0,paper bowl,
2026-05-24,blinkit,153.6,192,,297.0,small bowl,
2026-05-24,blinkit,200.2,408,,495.0,bowls,
2026-05-24,blinkit,3806.5,2503,,15116.0,disposable bowl,
2026-05-25,blinkit,141,282,,990.0,dona,
2026-05-25,blinkit,116.4,194,,774.0,paper bowl,
2026-05-25,blinkit,120,150,,198.0,small bowl,
2026-05-25,blinkit,135.2,275,,297.0,bowls,
2026-05-25,blinkit,2802.4,1843,,10115.0,disposable bowl,
2026-05-26,blinkit,37.5,75,,486.0,dona,
2026-05-26,blinkit,138.6,231,,990.0,paper bowl,
2026-05-26,blinkit,24,30,,99.0,small bowl,
2026-05-26,blinkit,21.4,43,,99.0,bowls,
2026-05-26,blinkit,3100.8,2039,,8815.0,disposable bowl,
2026-05-26,blinkit,112.8,245,,852.0,dona,
2026-05-27,blinkit,45,75,,387.0,paper bowl,
2026-05-27,blinkit,2174.3,1430,,7341.0,disposable bowl,
2026-05-27,blinkit,49.6,108,,1885.0,dona,
2026-05-27,blinkit,114.6,191,,1647.0,paper bowl,
2026-05-27,blinkit,48.9,105,,495.0,dona,
2026-05-26,blinkit,1.1,2,,0.0,katori,
2026-05-27,blinkit,497,896,,605.0,katori,
2026-05-27,blinkit,66.8,119,,684.0,dona,
2026-05-26,blinkit,6.4,4,,0.0,disposable bowl,
2026-05-27,blinkit,1604.8,1003,,5690.0,disposable bowl,
2026-05-27,blinkit,327.5,655,,1002.0,paper plates,
2026-05-23,blinkit,0.7,1,,0.0,paper plate,
2026-05-27,blinkit,13.8,21,,0.0,paper plate,
2026-05-27,blinkit,5257.6,10502,,8350.0,plate,
2026-05-27,blinkit,1759,2929,,2282.0,plates,
2026-05-27,blinkit,441.9,485,,704.0,paper plates,
2026-05-27,blinkit,880.4,1271,,1012.0,plates,
2026-05-28,blinkit,183,305,,1863.0,paper bowl,
2026-05-28,blinkit,704.2,1271,,2261.0,katori,
2026-05-28,blinkit,144.5,259,,1674.0,dona,
2026-05-28,blinkit,4937.6,3086,,20786.0,disposable bowl,
2026-05-28,blinkit,10997.9,21963,,23563.0,plate,
2026-05-28,blinkit,2825.4,3094,,4274.0,paper plates,
2026-05-28,blinkit,1065.9,1539,,2906.0,plates,
2026-05-29,blinkit,150.6,251,,1080.0,paper bowl,
2026-05-29,blinkit,568.2,1025,,972.0,katori,
2026-05-29,blinkit,168.6,302,,862.0,dona,
2026-05-29,blinkit,4019.2,2512,,13961.0,disposable bowl,
2026-05-29,blinkit,10078.5,20129,,22254.0,plate,
2026-05-29,blinkit,3279.6,3590,,3947.0,paper plates,
2026-05-30,blinkit,225,375,,2619.0,paper bowl,
2026-05-30,blinkit,654.7,1182,,495.0,katori,
2026-05-30,blinkit,228,410,,3687.0,dona,
2026-05-30,blinkit,4488,2805,,15975.0,disposable bowl,
2026-05-30,blinkit,11851.8,23666,,20484.0,plate,
2026-05-30,blinkit,3642.9,3987,,9095.0,paper plates,
2026-05-31,blinkit,210.6,351,,1476.0,paper bowl,
2026-05-31,blinkit,723.9,1308,,1595.0,katori,
2026-05-31,blinkit,274.7,494,,3641.0,dona,
2026-05-31,blinkit,4641.6,2901,,17296.0,disposable bowl,
2026-05-31,blinkit,13261.8,26483,,17863.0,plate,
2026-05-31,blinkit,3352.8,3670,,5911.0,paper plates,
2026-06-05,blinkit,300.5,601,,396.0,katori,
2026-06-05,blinkit,0.5,1,,0.0,Others,
2026-06-05,blinkit,1.5,3,,0.0,Others,
2026-06-05,blinkit,2.5,5,,0.0,kataifi,
2026-06-05,blinkit,1,2,,0.0,Others,
2026-06-05,blinkit,2.5,5,,0.0,kathi,
2026-06-05,blinkit,1.5,3,,0.0,Others,
2026-06-05,blinkit,21.5,43,,0.0,kato,
2026-06-05,blinkit,2,4,,0.0,Others,
2026-06-05,blinkit,1.5,3,,0.0,Others,
2026-06-05,blinkit,0.5,1,,0.0,Others,
2026-06-05,blinkit,0.5,1,,0.0,Others,
2026-06-05,blinkit,3.5,7,,0.0,katti,
2026-06-05,blinkit,3.5,7,,0.0,kattu,
2026-06-05,blinkit,0.5,1,,0.0,Others,
2026-06-05,blinkit,10.5,21,,0.0,kito,
2026-06-05,blinkit,2,4,,0.0,Others,
2026-06-05,blinkit,43,86,,99.0,small bowl,
2026-06-05,blinkit,0.5,1,,0.0,Others,
2026-06-05,blinkit,3,6,,0.0,bowl small,
2026-06-05,blinkit,3,6,,0.0,small,
2026-06-05,blinkit,6.5,13,,0.0,small bal,
2026-06-05,blinkit,4,8,,0.0,small ball,
2026-06-05,blinkit,2.5,5,,0.0,small balls,
2026-06-05,blinkit,0.5,1,,0.0,Others,
2026-06-05,blinkit,7,14,,0.0,small bow,
2026-06-05,blinkit,2,4,,0.0,small bowl for,
2026-06-05,blinkit,0.5,1,,0.0,Others,
2026-06-05,blinkit,1.5,3,,0.0,small vati,
2026-06-05,blinkit,0.5,1,,0.0,Others,
2026-06-05,blinkit,3,6,,0.0,smallbowl,
2026-06-05,blinkit,70.5,141,,288.0,paper bowl,
2026-06-05,blinkit,100.5,201,,198.0,bowls,
2026-06-05,blinkit,1040.5,2081,,1338.0,bowl,
2026-06-05,blinkit,4,8,,0.0,Others,
2026-06-05,blinkit,5,10,,0.0,Others,
2026-06-05,blinkit,1,2,,0.0,Others,
2026-06-05,blinkit,4,8,,0.0,Others,
2026-06-05,blinkit,7.5,15,,0.0,Others,
2026-06-05,blinkit,0.5,1,,0.0,Others,
2026-06-05,blinkit,1,2,,0.0,Others,
2026-06-05,blinkit,32,64,,0.0,boul,
2026-06-05,blinkit,0.5,1,,0.0,Others,
2026-06-05,blinkit,0.5,1,,0.0,Others,
2026-06-05,blinkit,0.5,1,,0.0,Others,
2026-06-05,blinkit,0.5,1,,0.0,Others,
2026-06-05,blinkit,162,324,,0.0,bow,
2026-06-05,blinkit,2.5,5,,0.0,Others,
2026-06-05,blinkit,1.5,3,,0.0,Others,
2026-06-05,blinkit,3,6,,0.0,Others,
2026-06-05,blinkit,0.5,1,,0.0,Others,
2026-06-05,blinkit,1.5,3,,0.0,Others,
2026-06-05,blinkit,3,6,,0.0,Others,
2026-06-05,blinkit,0.5,1,,0.0,Others,
2026-06-05,blinkit,1.5,3,,0.0,Others,
2026-06-05,blinkit,2,4,,0.0,Others,
2026-06-05,blinkit,3,6,,0.0,Others,
2026-06-05,blinkit,6,12,,0.0,Others,
2026-06-05,blinkit,6.5,13,,0.0,Others,
2026-06-05,blinkit,0.5,1,,0.0,Others,
2026-06-05,blinkit,0.5,1,,0.0,Others,
2026-06-05,blinkit,1,2,,0.0,Others,
2026-06-05,blinkit,6.5,13,,0.0,Others,
2026-06-05,blinkit,5.5,11,,0.0,Others,
2026-06-05,blinkit,0.5,1,,0.0,Others,
2026-06-05,blinkit,589,1178,,5113.0,disposable bowl,
2026-06-05,blinkit,0.5,1,,0.0,Others,
2026-06-05,blinkit,1,2,,0.0,Others,
2026-06-05,blinkit,1,2,,0.0,Others,
2026-06-05,blinkit,2,4,,0.0,Others,
2026-06-05,blinkit,0.5,1,,0.0,Others,
2026-06-05,blinkit,76,152,,0.0,Others,
2026-06-05,blinkit,286.5,573,,0.0,bow,
2026-06-05,blinkit,0.5,1,,0.0,Others,
2026-06-05,blinkit,1.5,3,,0.0,Others,
2026-06-05,blinkit,0.5,1,,0.0,Others,
2026-06-05,blinkit,3.5,7,,0.0,Others,
2026-06-05,blinkit,305.5,611,,198.0,bowl,
2026-06-05,blinkit,1,2,,0.0,Others,
2026-06-05,blinkit,5.5,11,,0.0,Others,
2026-06-05,blinkit,0.5,1,,0.0,Others,
2026-06-05,blinkit,0.5,1,,0.0,Others,
2026-06-05,blinkit,1.5,3,,0.0,Others,
2026-06-05,blinkit,5.5,11,,0.0,Others,
2026-06-05,blinkit,0.5,1,,0.0,Others,
2026-06-05,blinkit,10,20,,0.0,Others,
2026-06-05,blinkit,0.5,1,,0.0,Others,
2026-06-05,blinkit,18,36,,0.0,Others,
2026-06-05,blinkit,0.5,1,,0.0,Others,
2026-06-05,blinkit,0.5,1,,0.0,Others,
2026-06-05,blinkit,0.5,1,,0.0,Others,
2026-06-05,blinkit,0.5,1,,0.0,Others,
2026-06-05,blinkit,0.5,1,,0.0,Others,
2026-06-05,blinkit,0.5,1,,0.0,Others,
2026-06-05,blinkit,1,2,,0.0,Others,
2026-06-05,blinkit,0.5,1,,0.0,Others,
2026-06-05,blinkit,40,80,,0.0,Others,
2026-06-05,blinkit,0.5,1,,0.0,Others,
2026-06-05,blinkit,1.5,3,,0.0,Others,
2026-06-05,blinkit,0.5,1,,0.0,Others,
2026-06-05,blinkit,0.5,1,,0.0,Others,
2026-06-05,blinkit,3.5,7,,0.0,Others,
2026-06-05,blinkit,0.5,1,,0.0,Others,
2026-06-05,blinkit,2,4,,0.0,Others,
2026-06-05,blinkit,20,40,,0.0,Others,
2026-06-05,blinkit,0.5,1,,0.0,Others,
2026-06-05,blinkit,1,2,,0.0,Others,
2026-06-05,blinkit,1,2,,0.0,Others,
2026-06-05,blinkit,16,32,,456.0,Others,
2026-06-05,blinkit,0.5,1,,0.0,Others,
2026-06-05,blinkit,4.5,9,,0.0,Others,
2026-06-05,blinkit,0.5,1,,0.0,Others,
2026-06-05,blinkit,3.5,7,,0.0,Others,
2026-06-05,blinkit,4.5,9,,0.0,Others,
2026-06-05,blinkit,0.5,1,,0.0,Others,
2026-06-05,blinkit,0.5,1,,0.0,Others,
2026-06-05,blinkit,0.5,1,,0.0,Others,
2026-06-05,blinkit,62.5,125,,169.0,Others,
2026-06-05,blinkit,0.5,1,,0.0,Others,
2026-06-05,blinkit,1,2,,0.0,Others,
2026-06-05,blinkit,1,2,,0.0,Others,
2026-06-05,blinkit,2.5,5,,0.0,Others,
2026-06-05,blinkit,3.5,7,,0.0,Others,
2026-06-05,blinkit,5,10,,0.0,Others,
2026-06-05,blinkit,259.5,519,,0.0,disp,
2026-06-05,blinkit,0.5,1,,0.0,Others,
2026-06-05,blinkit,6,12,,0.0,Others,
2026-06-05,blinkit,5.5,11,,0.0,Others,
2026-06-05,blinkit,1086.5,2173,,1982.0,dispo,
2026-06-05,blinkit,1,2,,0.0,Others,
2026-06-05,blinkit,0.5,1,,0.0,Others,
2026-06-05,blinkit,112.5,225,,189.0,dispos,
2026-06-05,blinkit,290.5,581,,824.0,disposa,
2026-06-05,blinkit,0.5,1,,0.0,Others,
2026-06-05,blinkit,34,68,,99.0,Others,
2026-06-05,blinkit,35.5,71,,0.0,Others,
2026-06-05,blinkit,805,1610,,1021.0,disposable,
2026-06-05,blinkit,28,56,,0.0,Others,
2026-06-05,blinkit,0.5,1,,0.0,Others,
2026-06-05,blinkit,5.5,11,,0.0,Others,
2026-06-05,blinkit,43,86,,0.0,Others,
2026-06-05,blinkit,14.5,29,,0.0,Others,
2026-06-05,blinkit,0.5,1,,0.0,Others,
2026-06-05,blinkit,1,2,,0.0,Others,
2026-06-05,blinkit,8,16,,0.0,Others,
2026-06-05,blinkit,31.5,63,,198.0,Others,
2026-06-05,blinkit,19,38,,0.0,Others,
2026-06-05,blinkit,2,4,,0.0,Others,
2026-06-05,blinkit,1,2,,0.0,Others,
2026-06-05,blinkit,40.5,81,,189.0,Others,
2026-06-05,blinkit,25,50,,0.0,Others,
2026-06-05,blinkit,1,2,,0.0,Others,
2026-06-05,blinkit,2.5,5,,0.0,Others,
2026-06-05,blinkit,2,4,,0.0,Others,
2026-06-05,blinkit,1,2,,0.0,Others,
2026-06-05,blinkit,8,16,,0.0,Others,
2026-06-05,blinkit,9,18,,0.0,Others,
2026-06-05,blinkit,2.5,5,,0.0,Others,
2026-06-05,blinkit,1,2,,0.0,Others,
2026-06-05,blinkit,1,2,,0.0,Others,
2026-06-05,blinkit,1.5,3,,0.0,Others,
2026-06-05,blinkit,3.5,7,,189.0,Others,
2026-06-05,blinkit,0.5,1,,0.0,Others,
2026-06-05,blinkit,1.5,3,,0.0,Others,
2026-06-05,blinkit,0.5,1,,0.0,Others,
2026-06-05,blinkit,13.5,27,,0.0,Others,
2026-06-05,blinkit,2,4,,0.0,Others,
2026-06-05,blinkit,31,62,,0.0,Others,
2026-06-05,blinkit,0.5,1,,0.0,Others,
2026-06-05,blinkit,1,2,,0.0,Others,
2026-06-05,blinkit,0.5,1,,0.0,Others,
2026-06-05,blinkit,0.5,1,,0.0,Others,
2026-06-05,blinkit,2,4,,0.0,Others,
2026-06-05,blinkit,1,2,,0.0,Others,
2026-06-05,blinkit,0.5,1,,0.0,Others,
2026-06-05,blinkit,1.5,3,,0.0,Others,
2026-06-05,blinkit,1,2,,0.0,Others,
2026-06-05,blinkit,0.5,1,,0.0,Others,
2026-06-05,blinkit,166,332,,486.0,disposal,
2026-06-05,blinkit,1.5,3,,0.0,Others,
2026-06-05,blinkit,2,4,,0.0,Others,
2026-06-05,blinkit,0.5,1,,0.0,Others,
2026-06-05,blinkit,2,4,,0.0,Others,
2026-06-05,blinkit,1,2,,0.0,Others,
2026-06-05,blinkit,1.5,3,,0.0,Others,
2026-06-05,blinkit,1,2,,0.0,Others,
2026-06-05,blinkit,0.5,1,,0.0,Others,
2026-06-05,blinkit,0.5,1,,0.0,Others,
2026-06-05,blinkit,0.5,1,,0.0,Others,
2026-06-05,blinkit,0.5,1,,0.0,Others,
2026-06-05,blinkit,0.5,1,,0.0,Others,
2026-06-05,blinkit,0.5,1,,0.0,Others,
2026-06-05,blinkit,0.5,1,,0.0,Others,
2026-06-05,blinkit,1,2,,0.0,Others,
2026-06-05,blinkit,6.5,13,,0.0,Others,
2026-06-05,blinkit,10,20,,0.0,Others,
2026-06-05,blinkit,812.5,1700,,1083.0,paper plate,
2026-06-05,blinkit,2005.8,4207,,5467.0,plates,
2026-06-05,blinkit,544.3,1140,,3402.0,paper plates,
2026-06-05,blinkit,705.8,1471,,5452.0,disposable plates,
2026-06-05,blinkit,468.1,980,,1001.0,use and throw plate,
2026-06-05,blinkit,132.9,360,,684.0,dona,
2026-06-05,blinkit,235.2,655,,426.0,pattal,
2026-06-05,blinkit,6.1,17,,0.0,Others,
2026-06-05,blinkit,0.8,2,,0.0,Others,
2026-06-05,blinkit,61,172,,0.0,patal,
2026-06-05,blinkit,10.8,30,,0.0,patt,
2026-06-05,blinkit,14.3,40,,0.0,patta,
2026-06-05,blinkit,0.8,2,,0.0,Others,
2026-06-05,blinkit,112.6,316,,595.0,patravali,
2026-06-05,blinkit,26.8,73,,0.0,patr,
2026-06-05,blinkit,46,126,,0.0,patra,
2026-06-05,blinkit,0.8,2,,0.0,Others,
2026-06-05,blinkit,0.4,1,,0.0,Others,
2026-06-05,blinkit,0.4,1,,0.0,Others,
2026-06-05,blinkit,0.8,2,,0.0,Others,
2026-06-05,blinkit,0.8,2,,0.0,Others,
2026-06-05,blinkit,0.8,2,,0.0,Others,
2026-06-05,blinkit,4.4,11,,0.0,Others,
2026-06-05,blinkit,3.9,11,,0.0,compostable plates,
2026-06-05,blinkit,3.9,13,,0.0,sugarcane plates,
2026-06-05,blinkit,27.9,93,,0.0,areca plate,
2026-06-05,blinkit,0.6,2,,0.0,Others,
2026-06-05,blinkit,1.2,4,,0.0,Others,
2026-06-05,blinkit,185.4,618,,0.0,are,
2026-06-05,blinkit,7.5,25,,0.0,Others,
2026-06-05,blinkit,51.6,172,,0.0,areca,
2026-06-05,blinkit,7.8,26,,0.0,Others,
2026-06-05,blinkit,1.5,5,,0.0,Others,
2026-06-05,blinkit,3.6,12,,0.0,Others,
2026-06-05,blinkit,1.2,4,,0.0,Others,
2026-06-05,blinkit,9.3,31,,0.0,Others,
2026-06-05,blinkit,0.6,2,,0.0,Others,
2026-06-05,blinkit,5.7,19,,0.0,Others,
2026-06-05,blinkit,15.7,44,,0.0,bamboo plate,
2026-06-05,blinkit,58.7,163,,0.0,banana leaf plate,
2026-06-05,blinkit,2.3,6,,0.0,Others,
2026-06-05,blinkit,0.8,2,,0.0,Others,
2026-06-05,blinkit,245.7,701,,119.0,bana,
2026-06-05,blinkit,0.4,1,,0.0,Others,
2026-06-05,blinkit,26.7,73,,0.0,banana le,
2026-06-05,blinkit,51.5,141,,119.0,banana lea,
2026-06-05,blinkit,140.3,393,,119.0,banana leaf,
2026-06-05,blinkit,0.8,2,,0.0,Others,
2026-06-05,blinkit,2.3,6,,0.0,Others,
2026-06-05,blinkit,0.8,2,,0.0,Others,
2026-06-05,blinkit,0.4,1,,0.0,Others,
2026-06-05,blinkit,0.8,2,,0.0,Others,
2026-06-05,blinkit,1.4,4,,0.0,Others,
2026-06-05,blinkit,1.6,4,,0.0,Others,
2026-06-05,blinkit,0.4,1,,0.0,Others,
2026-06-05,blinkit,0.4,1,,0.0,Others,
2026-06-05,blinkit,4.4,11,,0.0,Others,
2026-06-05,blinkit,2,5,,0.0,Others,
2026-06-05,blinkit,4.4,12,,0.0,Others,
2026-06-05,blinkit,3,8,,0.0,Others,
2026-06-05,blinkit,1.4,4,,0.0,Others,
2026-06-05,blinkit,0.8,2,,0.0,Others,
2026-06-05,blinkit,3.2,8,,0.0,Others,
2026-06-05,blinkit,4.7,12,,0.0,Others,
2026-06-05,blinkit,5.2,13,,0.0,Others,
2026-06-05,blinkit,0.8,2,,0.0,Others,
2026-06-05,blinkit,5.7,16,,0.0,Others,
2026-06-05,blinkit,11.1,30,,0.0,Others,
2026-06-05,blinkit,0.8,2,,0.0,Others,
2026-06-05,blinkit,0.8,2,,0.0,Others,
2026-06-05,blinkit,2.1,7,,0.0,bagasse plates,
2026-06-05,blinkit,516,1720,,1290.0,disp,
2026-06-05,blinkit,295.2,984,,1082.0,disposa,
2026-06-05,blinkit,265.2,884,,1081.0,dispos,
2026-06-05,blinkit,72.3,241,,99.0,disposabl,
2026-06-05,blinkit,1102.8,3676,,5597.0,dispo,
2026-06-05,blinkit,636.6,2122,,1647.0,disposal,
2026-06-05,blinkit,8.4,28,,0.0,thermocol plate,
2026-06-05,blinkit,190.5,414,,99.0,steel plate,
2026-06-05,blinkit,1,2,,0.0,Others,
2026-06-05,blinkit,1,2,,0.0,Others,
2026-06-05,blinkit,1,2,,0.0,Others,
2026-06-05,blinkit,1,2,,0.0,Others,
2026-06-05,blinkit,3.3,7,,99.0,Others,
2026-06-05,blinkit,34.9,74,,0.0,Others,
2026-06-05,blinkit,380.3,828,,426.0,plate,
2026-06-05,blinkit,2,4,,0.0,Others,
2026-06-05,blinkit,1,2,,0.0,Others,
2026-06-05,blinkit,0.5,1,,0.0,Others,
2026-06-05,blinkit,1,2,,0.0,Others,
2026-06-05,blinkit,7.3,15,,0.0,Others,
2026-06-05,blinkit,0.5,1,,0.0,Others,
2026-06-05,blinkit,9.4,20,,0.0,Others,
2026-06-05,blinkit,2,4,,0.0,Others,
2026-06-05,blinkit,1.5,3,,0.0,Others,
2026-06-05,blinkit,1.5,3,,0.0,Others,
2026-06-05,blinkit,1,2,,0.0,Others,
2026-06-05,blinkit,6.3,13,,0.0,Others,
2026-06-05,blinkit,2.8,6,,0.0,Others,
2026-06-05,blinkit,1,2,,0.0,Others,
2026-06-05,blinkit,2.3,5,,0.0,Others,
2026-06-05,blinkit,2.4,5,,189.0,Others,
2026-06-05,blinkit,1,2,,0.0,Others,
2026-06-05,blinkit,1,2,,0.0,Others,
2026-06-05,blinkit,19.4,41,,0.0,Others,
2026-06-05,blinkit,20.7,44,,0.0,Others,
2026-06-05,blinkit,121.5,263,,0.0,stee,
2026-06-05,blinkit,401.1,878,,0.0,steel,
2026-06-05,blinkit,15.7,34,,0.0,Others,
2026-06-05,blinkit,3.4,7,,0.0,Others,
2026-06-05,blinkit,8.8,18,,0.0,Others,
2026-06-05,blinkit,6.8,14,,0.0,Others,
2026-06-05,blinkit,1.5,3,,0.0,Others,
2026-06-05,blinkit,16.6,36,,0.0,Others,
2026-06-05,blinkit,1,2,,0.0,Others,
2026-06-05,blinkit,0.5,1,,0.0,Others,
2026-06-05,blinkit,0.5,1,,0.0,Others,
2026-06-05,blinkit,2,4,,0.0,Others,
2026-06-05,blinkit,1,2,,0.0,Others,
2026-06-05,blinkit,3.8,8,,0.0,Others,
2026-06-05,blinkit,1,2,,0.0,Others,
2026-06-05,blinkit,51,170,,69.0,plastic plate,
2026-06-05,blinkit,0.9,3,,0.0,Others,
2026-06-05,blinkit,0.3,1,,0.0,Others,
2026-06-05,blinkit,8.4,28,,0.0,plastic pl,
2026-06-05,blinkit,2.1,7,,0.0,plastic pla,
2026-06-05,blinkit,8.7,29,,0.0,plastic plant,
2026-06-05,blinkit,1.5,5,,0.0,plastic plants,
2026-06-05,blinkit,2.1,7,,0.0,plastic plat,
2026-06-05,blinkit,0.6,2,,0.0,Others,
2026-06-05,blinkit,9.3,31,,0.0,plastic plates,
2026-06-05,blinkit,1.2,4,,0.0,plasticplate,
2026-06-05,blinkit,0.6,2,,0.0,Others,
2026-06-05,blinkit,0.6,2,,0.0,Others,
2026-06-05,blinkit,2.7,9,,0.0,plate plastic,
2026-06-05,blinkit,1.2,4,,0.0,plates plastic,
2026-06-05,blinkit,79.6,199,,99.0,plastic bowl,
2026-06-05,blinkit,4,10,,0.0,Others,
2026-06-05,blinkit,4,10,,0.0,Others,
2026-06-05,blinkit,96.4,241,,0.0,bowl,
2026-06-05,blinkit,0.8,2,,0.0,Others,
2026-06-05,blinkit,0.4,1,,0.0,Others,
2026-06-05,blinkit,2.4,6,,0.0,Others,
2026-06-05,blinkit,0.8,2,,0.0,Others,
2026-06-05,blinkit,0.8,2,,0.0,Others,
2026-06-05,blinkit,1.6,4,,0.0,Others,
2026-06-05,blinkit,0.8,2,,0.0,Others,
2026-06-05,blinkit,0.4,1,,0.0,Others,
2026-06-05,blinkit,0.8,2,,0.0,Others,
2026-06-05,blinkit,0.4,1,,0.0,Others,
2026-06-05,blinkit,13.6,34,,0.0,plas,
2026-06-05,blinkit,10.4,26,,0.0,plast,
2026-06-05,blinkit,2.4,6,,0.0,Others,
2026-06-05,blinkit,26,65,,0.0,plastic,
2026-06-05,blinkit,7.6,19,,0.0,Others,
2026-06-05,blinkit,1.6,4,,0.0,Others,
2026-06-05,blinkit,1.6,4,,0.0,Others,
2026-06-05,blinkit,28,70,,0.0,plastic bo,
2026-06-05,blinkit,2.8,7,,0.0,Others,
2026-06-05,blinkit,0.8,2,,0.0,Others,
2026-06-05,blinkit,0.8,2,,0.0,Others,
2026-06-05,blinkit,8,20,,0.0,Others,
2026-06-05,blinkit,3.6,9,,0.0,Others,
2026-06-05,blinkit,0.8,2,,0.0,Others,
2026-06-05,blinkit,3.2,8,,0.0,Others,
2026-06-05,blinkit,0.4,1,,0.0,Others,
2026-06-05,blinkit,6.4,16,,0.0,Others,
2026-06-05,blinkit,5.6,14,,0.0,Others,
2026-06-05,blinkit,1.6,4,,0.0,Others,
2026-06-05,blinkit,0.8,2,,0.0,Others,
2026-06-05,blinkit,0.8,2,,0.0,Others,
2026-06-05,blinkit,640.3,1804,,753.0,disposable spoon,
2026-06-05,blinkit,397.4,1116,,238.0,disposable cup,
2026-06-05,blinkit,188.2,524,,0.0,food container,
2026-06-06,blinkit,157,314,,189.0,katori,
2026-06-06,blinkit,2.5,5,,0.0,jaat,
2026-06-06,blinkit,1.5,3,,0.0,kat,
2026-06-06,blinkit,1,2,,0.0,kataifi,
2026-06-06,blinkit,0.5,1,,0.0,Others,
2026-06-06,blinkit,2.5,5,,0.0,kathari,
2026-06-06,blinkit,5.5,11,,0.0,kathi,
2026-06-06,blinkit,1,2,,0.0,kathr,
2026-06-06,blinkit,3.5,7,,99.0,kato,
2026-06-06,blinkit,0.5,1,,0.0,Others,
2026-06-06,blinkit,0.5,1,,0.0,Others,
2026-06-06,blinkit,0.5,1,,0.0,Others,
2026-06-06,blinkit,0.5,1,,0.0,Others,
2026-06-06,blinkit,2,4,,0.0,kattu,
2026-06-06,blinkit,0.5,1,,0.0,Others,
2026-06-06,blinkit,5,10,,0.0,kito,
2026-06-06,blinkit,0.5,1,,0.0,Others,
2026-06-06,blinkit,1.5,3,,0.0,kto,
2026-06-06,blinkit,28,56,,0.0,small bowl,
2026-06-06,blinkit,3.5,7,,0.0,bowl small,
2026-06-06,blinkit,0.5,1,,0.0,bowls small,
2026-06-06,blinkit,3,6,,0.0,small bal,
2026-06-06,blinkit,0.5,1,,0.0,small ball,
2026-06-06,blinkit,1.5,3,,0.0,small balls,
2026-06-06,blinkit,4.5,9,,0.0,small bow,
2026-06-06,blinkit,1,2,,0.0,small bowl with,
2026-06-06,blinkit,0.5,1,,0.0,small bowls s,
2026-06-06,blinkit,1,2,,0.0,small bows,
2026-06-06,blinkit,2.5,5,,0.0,small pot,
2026-06-06,blinkit,1.5,3,,0.0,small vati,
2026-06-06,blinkit,1,2,,0.0,snack bowl,
2026-06-06,blinkit,36.5,73,,189.0,paper bowl,
2026-06-06,blinkit,55,110,,0.0,bowls,
2026-06-06,blinkit,961,1922,,992.0,bowl,
2026-06-06,blinkit,0.5,1,,0.0,Others,
2026-06-06,blinkit,1,2,,0.0,Others,
2026-06-06,blinkit,1.5,3,,0.0,Others,
2026-06-06,blinkit,3,6,,0.0,Others,
2026-06-06,blinkit,3,6,,0.0,Others,
2026-06-06,blinkit,2.5,5,,0.0,Others,
2026-06-06,blinkit,2.5,5,,0.0,Others,
2026-06-06,blinkit,0.5,1,,0.0,Others,
2026-06-06,blinkit,26,52,,0.0,boul,
2026-06-06,blinkit,0.5,1,,0.0,Others,
2026-06-06,blinkit,0.5,1,,0.0,Others,
2026-06-06,blinkit,162.5,325,,0.0,bow,
2026-06-06,blinkit,2,4,,0.0,Others,
2026-06-06,blinkit,3,6,,0.0,Others,
2026-06-06,blinkit,2,4,,0.0,Others,
2026-06-06,blinkit,0.5,1,,0.0,Others,
2026-06-06,blinkit,0.5,1,,0.0,Others,
2026-06-06,blinkit,0.5,1,,0.0,Others,
2026-06-06,blinkit,1,2,,0.0,Others,
2026-06-06,blinkit,5.5,11,,0.0,Others,
2026-06-06,blinkit,0.5,1,,0.0,Others,
2026-06-06,blinkit,1,2,,0.0,Others,
2026-06-06,blinkit,0.5,1,,0.0,Others,
2026-06-06,blinkit,4,8,,0.0,Others,
2026-06-06,blinkit,0.5,1,,0.0,Others,
2026-06-06,blinkit,9,18,,0.0,Others,
2026-06-06,blinkit,1,2,,0.0,Others,
2026-06-06,blinkit,3.5,7,,0.0,Others,
2026-06-06,blinkit,6,12,,0.0,Others,
2026-06-06,blinkit,3,6,,0.0,Others,
2026-06-06,blinkit,0.5,1,,0.0,Others,
2026-06-06,blinkit,0.5,1,,0.0,Others,
2026-06-06,blinkit,0.5,1,,0.0,Others,
2026-06-06,blinkit,1,2,,0.0,Others,
2026-06-06,blinkit,5,10,,0.0,Others,
2026-06-06,blinkit,1,2,,0.0,Others,
2026-06-06,blinkit,0.5,1,,0.0,Others,
2026-06-06,blinkit,200,400,,3078.0,disposable bowl,
2026-06-06,blinkit,0.5,1,,0.0,Others,
2026-06-06,blinkit,0.5,1,,0.0,Others,
2026-06-06,blinkit,0.5,1,,0.0,Others,
2026-06-06,blinkit,33.5,67,,0.0,Others,
2026-06-06,blinkit,112.5,225,,0.0,bow,
2026-06-06,blinkit,1.5,3,,0.0,Others,
2026-06-06,blinkit,2.5,5,,0.0,Others,
2026-06-06,blinkit,2.5,5,,189.0,Others,
2026-06-06,blinkit,2,4,,0.0,Others,
2026-06-06,blinkit,1,2,,0.0,Others,
2026-06-06,blinkit,0.5,1,,0.0,Others,
2026-06-06,blinkit,2,4,,0.0,Others,
2026-06-06,blinkit,2,4,,99.0,Others,
2026-06-06,blinkit,2,4,,0.0,Others,
2026-06-06,blinkit,1,2,,0.0,Others,
2026-06-06,blinkit,1,2,,0.0,Others,
2026-06-06,blinkit,0.5,1,,0.0,Others,
2026-06-06,blinkit,11.5,23,,0.0,Others,
2026-06-06,blinkit,0.5,1,,0.0,Others,
2026-06-06,blinkit,0.5,1,,0.0,Others,
2026-06-06,blinkit,0.5,1,,0.0,Others,
2026-06-06,blinkit,11,22,,0.0,Others,
2026-06-06,blinkit,0.5,1,,0.0,Others,
2026-06-06,blinkit,1.5,3,,0.0,Others,
2026-06-06,blinkit,2.5,5,,0.0,Others,
2026-06-06,blinkit,0.5,1,,0.0,Others,
2026-06-06,blinkit,10.5,21,,0.0,Others,
2026-06-06,blinkit,0.5,1,,0.0,Others,
2026-06-06,blinkit,2.5,5,,0.0,Others,
2026-06-06,blinkit,7,14,,0.0,Others,
2026-06-06,blinkit,0.5,1,,0.0,Others,
2026-06-06,blinkit,1,2,,0.0,Others,
2026-06-06,blinkit,0.5,1,,0.0,Others,
2026-06-06,blinkit,2,4,,0.0,Others,
2026-06-06,blinkit,0.5,1,,0.0,Others,
2026-06-06,blinkit,32,64,,99.0,Others,
2026-06-06,blinkit,0.5,1,,0.0,Others,
2026-06-06,blinkit,0.5,1,,0.0,Others,
2026-06-06,blinkit,0.5,1,,0.0,Others,
2026-06-06,blinkit,0.5,1,,0.0,Others,
2026-06-06,blinkit,1,2,,0.0,Others,
2026-06-06,blinkit,3.5,7,,0.0,Others,
2026-06-06,blinkit,0.5,1,,0.0,Others,
2026-06-06,blinkit,110,220,,169.0,disp,
2026-06-06,blinkit,0.5,1,,0.0,Others,
2026-06-06,blinkit,2,4,,0.0,Others,
2026-06-06,blinkit,0.5,1,,0.0,Others,
2026-06-06,blinkit,476,952,,1548.0,dispo,
2026-06-06,blinkit,0.5,1,,99.0,Others,
2026-06-06,blinkit,0.5,1,,0.0,Others,
2026-06-06,blinkit,63.5,127,,198.0,dispos,
2026-06-06,blinkit,154.5,309,,515.0,disposa,
2026-06-06,blinkit,18.5,37,,0.0,Others,
2026-06-06,blinkit,15,30,,0.0,Others,
2026-06-06,blinkit,377,754,,932.0,disposable,
2026-06-06,blinkit,16.5,33,,0.0,Others,
2026-06-06,blinkit,1,2,,0.0,Others,
2026-06-06,blinkit,4,8,,0.0,Others,
2026-06-06,blinkit,20,40,,0.0,Others,
2026-06-06,blinkit,6,12,,0.0,Others,
2026-06-06,blinkit,0.5,1,,0.0,Others,
2026-06-06,blinkit,1,2,,0.0,Others,
2026-06-06,blinkit,6.5,13,,0.0,Others,
2026-06-06,blinkit,20,40,,0.0,Others,
2026-06-06,blinkit,0.5,1,,0.0,Others,
2026-06-06,blinkit,31.5,63,,99.0,Others,
2026-06-06,blinkit,0.5,1,,0.0,Others,
2026-06-06,blinkit,14.5,29,,378.0,Others,
2026-06-06,blinkit,1.5,3,,0.0,Others,
2026-06-06,blinkit,3.5,7,,0.0,Others,
2026-06-06,blinkit,0.5,1,,0.0,Others,
2026-06-06,blinkit,0.5,1,,0.0,Others,
2026-06-06,blinkit,6.5,13,,0.0,Others,
2026-06-06,blinkit,0.5,1,,0.0,Others,
2026-06-06,blinkit,0.5,1,,0.0,Others,
2026-06-06,blinkit,1.5,3,,0.0,Others,
2026-06-06,blinkit,5,10,,0.0,Others,
2026-06-06,blinkit,0.5,1,,0.0,Others,
2026-06-06,blinkit,11.5,23,,0.0,Others,
2026-06-06,blinkit,4,8,,0.0,Others,
2026-06-06,blinkit,0.5,1,,0.0,Others,
2026-06-06,blinkit,1.5,3,,0.0,Others,
2026-06-06,blinkit,0.5,1,,378.0,Others,
2026-06-06,blinkit,1.5,3,,0.0,Others,
2026-06-06,blinkit,65.5,131,,198.0,disposal,
2026-06-06,blinkit,0.5,1,,0.0,Others,
2026-06-06,blinkit,1,2,,0.0,Others,
2026-06-06,blinkit,1.5,3,,0.0,Others,
2026-06-06,blinkit,1.5,3,,0.0,Others,
2026-06-06,blinkit,0.5,1,,0.0,Others,
2026-06-06,blinkit,0.5,1,,0.0,Others,
2026-06-06,blinkit,0.5,1,,0.0,Others,
2026-06-06,blinkit,0.5,1,,0.0,Others,
2026-06-06,blinkit,0.5,1,,0.0,Others,
2026-06-06,blinkit,0.5,1,,0.0,Others,
2026-06-06,blinkit,0.5,1,,0.0,Others,
2026-06-06,blinkit,4,8,,0.0,Others,
2026-06-06,blinkit,0.5,1,,0.0,Others,
2026-06-06,blinkit,1.5,3,,0.0,Others,
2026-06-06,blinkit,0.5,1,,0.0,Others,
2026-06-06,blinkit,778.2,1630,,2280.0,paper plate,
2026-06-06,blinkit,716.3,1498,,2171.0,plates,
2026-06-06,blinkit,227.8,475,,456.0,paper plates,
2026-06-06,blinkit,204.9,425,,1439.0,disposable plates,
2026-06-06,blinkit,202.2,421,,943.0,use and throw plate,
2026-06-06,blinkit,291.4,803,,2004.0,dona,
2026-06-06,blinkit,455.8,1275,,833.0,pattal,
2026-06-06,blinkit,10.8,30,,0.0,Others,
2026-06-06,blinkit,147.3,418,,119.0,patal,
2026-06-06,blinkit,0.8,2,,0.0,Others,
2026-06-06,blinkit,20.7,59,,0.0,patt,
2026-06-06,blinkit,42,119,,0.0,patta,
2026-06-06,blinkit,2.2,6,,0.0,Others,
2026-06-06,blinkit,1.2,3,,0.0,Others,
2026-06-06,blinkit,0.8,2,,0.0,Others,
2026-06-06,blinkit,0.8,2,,0.0,Others,
2026-06-06,blinkit,176.8,498,,0.0,patravali,
2026-06-06,blinkit,0.8,2,,0.0,Others,
2026-06-06,blinkit,56.2,153,,0.0,patr,
2026-06-06,blinkit,162.3,456,,0.0,patra,
2026-06-06,blinkit,0.8,2,,0.0,Others,
2026-06-06,blinkit,3.4,9,,0.0,Others,
2026-06-06,blinkit,5.4,15,,0.0,Others,
2026-06-06,blinkit,12,33,,0.0,Others,
2026-06-06,blinkit,7.9,22,,0.0,compostable plates,
2026-06-06,blinkit,22.8,76,,0.0,sugarcane plates,
2026-06-06,blinkit,40.8,136,,0.0,areca plate,
2026-06-06,blinkit,1.2,4,,0.0,Others,
2026-06-06,blinkit,0.9,3,,0.0,Others,
2026-06-06,blinkit,0.6,2,,0.0,Others,
2026-06-06,blinkit,3.3,11,,0.0,Others,
2026-06-06,blinkit,1.5,5,,0.0,Others,
2026-06-06,blinkit,349.8,1166,,0.0,are,
2026-06-06,blinkit,0.6,2,,0.0,Others,
2026-06-06,blinkit,0.6,2,,0.0,Others,
2026-06-06,blinkit,8.7,29,,0.0,Others,
2026-06-06,blinkit,96.6,322,,0.0,areca,
2026-06-06,blinkit,6.9,23,,0.0,Others,
2026-06-06,blinkit,3.3,11,,0.0,Others,
2026-06-06,blinkit,5.7,19,,0.0,Others,
2026-06-06,blinkit,3,10,,169.0,Others,
2026-06-06,blinkit,20.4,68,,0.0,Others,
2026-06-06,blinkit,1.2,4,,0.0,Others,
2026-06-06,blinkit,13.2,44,,0.0,Others,
2026-06-06,blinkit,0.6,2,,0.0,Others,
2026-06-06,blinkit,0.6,2,,0.0,Others,
2026-06-06,blinkit,53.9,150,,0.0,bamboo plate,
2026-06-06,blinkit,105.6,293,,99.0,banana leaf plate,
2026-06-06,blinkit,0.8,2,,0.0,Others,
2026-06-06,blinkit,1.8,5,,0.0,Others,
2026-06-06,blinkit,25.5,72,,0.0,Others,
2026-06-06,blinkit,0.8,2,,0.0,Others,
2026-06-06,blinkit,1.2,3,,0.0,Others,
2026-06-06,blinkit,91.1,252,,0.0,banana le,
2026-06-06,blinkit,141.5,393,,0.0,banana lea,
2026-06-06,blinkit,409.6,1153,,288.0,banana leaf,
2026-06-06,blinkit,2,5,,0.0,Others,
2026-06-06,blinkit,1.4,4,,0.0,Others,
2026-06-06,blinkit,0.8,2,,0.0,Others,
2026-06-06,blinkit,2.2,6,,0.0,Others,
2026-06-06,blinkit,3,8,,0.0,Others,
2026-06-06,blinkit,0.8,2,,0.0,Others,
2026-06-06,blinkit,2.7,7,,0.0,Others,
2026-06-06,blinkit,0.8,2,,0.0,Others,
2026-06-06,blinkit,2.6,7,,0.0,Others,
2026-06-06,blinkit,0.8,2,,0.0,Others,
2026-06-06,blinkit,1.2,3,,0.0,Others,
2026-06-06,blinkit,2.4,6,,0.0,Others,
2026-06-06,blinkit,12.4,32,,0.0,Others,
2026-06-06,blinkit,5.8,15,,0.0,Others,
2026-06-06,blinkit,0.8,2,,0.0,Others,
2026-06-06,blinkit,9.3,25,,0.0,Others,
2026-06-06,blinkit,4.4,12,,0.0,Others,
2026-06-06,blinkit,0.4,1,,0.0,Others,
2026-06-06,blinkit,2.3,6,,0.0,Others,
2026-06-06,blinkit,5.7,15,,0.0,Others,
2026-06-06,blinkit,0.8,2,,0.0,Others,
2026-06-06,blinkit,3.2,9,,0.0,Others,
2026-06-06,blinkit,1.2,3,,0.0,Others,
2026-06-06,blinkit,2.4,6,,0.0,Others,
2026-06-06,blinkit,13.6,36,,0.0,Others,
2026-06-06,blinkit,14.3,39,,0.0,Others,
2026-06-06,blinkit,0.8,2,,0.0,Others,
2026-06-06,blinkit,0.8,2,,0.0,Others,
2026-06-06,blinkit,19.2,53,,0.0,Others,
2026-06-06,blinkit,0.8,2,,0.0,Others,
2026-06-06,blinkit,0.8,2,,0.0,Others,
2026-06-06,blinkit,0.6,2,,0.0,bagasse plates,
2026-06-06,blinkit,202.8,676,,1181.0,disp,
2026-06-06,blinkit,150,500,,1170.0,disposa,
2026-06-06,blinkit,138.9,463,,536.0,dispos,
2026-06-06,blinkit,37.8,126,,0.0,disposabl,
2026-06-06,blinkit,474.6,1582,,1675.0,dispo,
2026-06-06,blinkit,281.7,939,,555.0,disposal,
2026-06-06,blinkit,71,153,,238.0,steel plate,
2026-06-06,blinkit,2.8,6,,0.0,Others,
2026-06-06,blinkit,17.8,38,,0.0,plat,
2026-06-06,blinkit,145.9,317,,69.0,plate,
2026-06-06,blinkit,1,2,,0.0,Others,
2026-06-06,blinkit,1.5,3,,0.0,Others,
2026-06-06,blinkit,2.5,5,,0.0,Others,
2026-06-06,blinkit,1,2,,0.0,Others,
2026-06-06,blinkit,3.4,7,,0.0,Others,
2026-06-06,blinkit,4.6,10,,0.0,Others,
2026-06-06,blinkit,0.5,1,,0.0,Others,
2026-06-06,blinkit,2,4,,0.0,Others,
2026-06-06,blinkit,2.8,6,,0.0,Others,
2026-06-06,blinkit,2.8,6,,0.0,Others,
2026-06-06,blinkit,2.4,5,,0.0,Others,
2026-06-06,blinkit,3.8,8,,0.0,Others,
2026-06-06,blinkit,9.3,19,,0.0,Others,
2026-06-06,blinkit,36.7,79,,0.0,stee,
2026-06-06,blinkit,105,227,,0.0,steel,
2026-06-06,blinkit,1.4,3,,0.0,Others,
2026-06-06,blinkit,3,6,,0.0,Others,
2026-06-06,blinkit,1,2,,0.0,Others,
2026-06-06,blinkit,2.5,5,,0.0,Others,
2026-06-06,blinkit,1,2,,0.0,Others,
2026-06-06,blinkit,2,4,,0.0,Others,
2026-06-06,blinkit,1.5,3,,0.0,Others,
2026-06-06,blinkit,1,2,,0.0,Others,
2026-06-06,blinkit,24.3,81,,188.0,plastic plate,
2026-06-06,blinkit,1.8,6,,0.0,plastic glass,
2026-06-06,blinkit,1.2,4,,0.0,plastic pe,
2026-06-06,blinkit,8.7,29,,0.0,plastic pl,
2026-06-06,blinkit,3,10,,0.0,plastic pla,
2026-06-06,blinkit,5.4,18,,0.0,plastic plant,
2026-06-06,blinkit,1.8,6,,0.0,plastic plat,
2026-06-06,blinkit,4.5,15,,0.0,plastic plates,
2026-06-06,blinkit,0.6,2,,0.0,Others,
2026-06-06,blinkit,0.9,3,,0.0,plate plastic,
2026-06-06,blinkit,85.6,214,,237.0,plastic bowl,
2026-06-06,blinkit,9.2,23,,0.0,Others,
2026-06-06,blinkit,6.8,17,,0.0,Others,
2026-06-06,blinkit,115.6,289,,0.0,bowl,
2026-06-06,blinkit,0.8,2,,0.0,Others,
2026-06-06,blinkit,0.8,2,,0.0,Others,
2026-06-06,blinkit,3.2,8,,0.0,Others,
2026-06-06,blinkit,0.8,2,,0.0,Others,
2026-06-06,blinkit,1.6,4,,0.0,Others,
2026-06-06,blinkit,0.4,1,,0.0,Others,
2026-06-06,blinkit,0.8,2,,0.0,Others,
2026-06-06,blinkit,11.2,28,,0.0,Others,
2026-06-06,blinkit,7.6,19,,0.0,Others,
2026-06-06,blinkit,2.4,6,,0.0,Others,
2026-06-06,blinkit,27.2,68,,169.0,plastic,
2026-06-06,blinkit,7.6,19,,0.0,Others,
2026-06-06,blinkit,0.4,1,,0.0,Others,
2026-06-06,blinkit,32,80,,0.0,plastic bo,
2026-06-06,blinkit,4.4,11,,0.0,Others,
2026-06-06,blinkit,1.6,4,,0.0,Others,
2026-06-06,blinkit,9.6,24,,0.0,Others,
2026-06-06,blinkit,1.6,4,,0.0,Others,
2026-06-06,blinkit,1.2,3,,0.0,Others,
2026-06-06,blinkit,2,5,,0.0,Others,
2026-06-06,blinkit,0.8,2,,0.0,Others,
2026-06-06,blinkit,0.8,2,,0.0,Others,
2026-06-06,blinkit,2,5,,0.0,Others,
2026-06-06,blinkit,19.2,48,,0.0,plastic spoon,
2026-06-06,blinkit,4.8,12,,0.0,Others,
2026-06-06,blinkit,0.8,2,,0.0,Others,
2026-06-06,blinkit,2,5,,0.0,Others,
2026-06-06,blinkit,0.8,2,,0.0,Others,
2026-06-06,blinkit,385.4,1082,,169.0,disposable spoon,
2026-06-06,blinkit,311.4,873,,902.0,disposable cup,
2026-06-06,blinkit,173.4,481,,0.0,food container,
2026-06-07,blinkit,117,234,,119.0,katori,
2026-06-07,blinkit,3.5,7,,0.0,jaat,
2026-06-07,blinkit,1,2,,0.0,Others,
2026-06-07,blinkit,2,4,,0.0,kata,
2026-06-07,blinkit,2,4,,0.0,katha,
2026-06-07,blinkit,1,2,,0.0,Others,
2026-06-07,blinkit,3.5,7,,0.0,kathi,
2026-06-07,blinkit,9.5,19,,0.0,kato,
2026-06-07,blinkit,0.5,1,,0.0,Others,
2026-06-07,blinkit,0.5,1,,0.0,Others,
2026-06-07,blinkit,1.5,3,,0.0,katri kai,
2026-06-07,blinkit,1,2,,0.0,Others,
2026-06-07,blinkit,3,6,,0.0,kattu,
2026-06-07,blinkit,0.5,1,,0.0,Others,
2026-06-07,blinkit,12,24,,0.0,kito,
2026-06-07,blinkit,6.5,13,,0.0,kot,
2026-06-07,blinkit,1.5,3,,0.0,koth,
2026-06-07,blinkit,3.5,7,,0.0,kotha,
2026-06-07,blinkit,1,2,,0.0,Others,
2026-06-07,blinkit,2,4,,0.0,kto,
2026-06-07,blinkit,29.5,59,,0.0,small bowl,
2026-06-07,blinkit,1,2,,0.0,bowl small,
2026-06-07,blinkit,1.5,3,,0.0,small bal,
2026-06-07,blinkit,0.5,1,,0.0,Others,
2026-06-07,blinkit,0.5,1,,0.0,Others,
2026-06-07,blinkit,6,12,,0.0,small bow,
2026-06-07,blinkit,1,2,,0.0,small bowl for,
2026-06-07,blinkit,1,2,,0.0,small bowls,
2026-06-07,blinkit,0.5,1,,0.0,Others,
2026-06-07,blinkit,1,2,,0.0,small pot,
2026-06-07,blinkit,1,2,,0.0,smallbowl,
2026-06-07,blinkit,1.5,3,,0.0,snack bowl,
2026-06-07,blinkit,32,64,,724.0,paper bowl,
2026-06-07,blinkit,57.5,115,,99.0,bowls,
2026-06-07,blinkit,966.5,1933,,1933.0,bowl,
2026-06-07,blinkit,1,2,,0.0,Others,
2026-06-07,blinkit,7,14,,0.0,Others,
2026-06-07,blinkit,0.5,1,,0.0,Others,
2026-06-07,blinkit,2,4,,0.0,Others,
2026-06-07,blinkit,2.5,5,,0.0,Others,
2026-06-07,blinkit,0.5,1,,0.0,Others,
2026-06-07,blinkit,1.5,3,,0.0,Others,
2026-06-07,blinkit,1,2,,0.0,Others,
2026-06-07,blinkit,1.5,3,,0.0,Others,
2026-06-07,blinkit,30,60,,0.0,boul,
2026-06-07,blinkit,1,2,,0.0,Others,
2026-06-07,blinkit,151,302,,0.0,bow,
2026-06-07,blinkit,3,6,,0.0,Others,
2026-06-07,blinkit,0.5,1,,0.0,Others,
2026-06-07,blinkit,1,2,,0.0,Others,
2026-06-07,blinkit,0.5,1,,0.0,Others,
2026-06-07,blinkit,6,12,,0.0,Others,
2026-06-07,blinkit,3.5,7,,0.0,Others,
2026-06-07,blinkit,0.5,1,,0.0,Others,
2026-06-07,blinkit,0.5,1,,0.0,Others,
2026-06-07,blinkit,1,2,,0.0,Others,
2026-06-07,blinkit,0.5,1,,0.0,Others,
2026-06-07,blinkit,1.5,3,,0.0,Others,
2026-06-07,blinkit,7,14,,0.0,Others,
2026-06-07,blinkit,6,12,,0.0,Others,
2026-06-07,blinkit,3.5,7,,0.0,Others,
2026-06-07,blinkit,1,2,,0.0,Others,
2026-06-07,blinkit,4.5,9,,0.0,Others,
2026-06-07,blinkit,1.5,3,,0.0,Others,
2026-06-07,blinkit,1.5,3,,0.0,Others,
2026-06-07,blinkit,187,374,,1908.0,disposable bowl,
2026-06-07,blinkit,0.5,1,,0.0,Others,
2026-06-07,blinkit,2,4,,0.0,Others,
2026-06-07,blinkit,0.5,1,,0.0,Others,
2026-06-07,blinkit,36,72,,0.0,Others,
2026-06-07,blinkit,124,248,,0.0,bow,
2026-06-07,blinkit,1,2,,0.0,Others,
2026-06-07,blinkit,0.5,1,,0.0,Others,
2026-06-07,blinkit,0.5,1,,0.0,Others,
2026-06-07,blinkit,2.5,5,,99.0,Others,
2026-06-07,blinkit,1.5,3,,0.0,Others,
2026-06-07,blinkit,1.5,3,,0.0,Others,
2026-06-07,blinkit,2,4,,0.0,Others,
2026-06-07,blinkit,0.5,1,,0.0,Others,
2026-06-07,blinkit,2.5,5,,99.0,Others,
2026-06-07,blinkit,1,2,,0.0,Others,
2026-06-07,blinkit,2.5,5,,0.0,Others,
2026-06-07,blinkit,7.5,15,,0.0,Others,
2026-06-07,blinkit,0.5,1,,0.0,Others,
2026-06-07,blinkit,0.5,1,,0.0,Others,
2026-06-07,blinkit,0.5,1,,0.0,Others,
2026-06-07,blinkit,0.5,1,,0.0,Others,
2026-06-07,blinkit,0.5,1,,0.0,Others,
2026-06-07,blinkit,11.5,23,,0.0,Others,
2026-06-07,blinkit,0.5,1,,0.0,Others,
2026-06-07,blinkit,10.5,21,,0.0,Others,
2026-06-07,blinkit,1,2,,0.0,Others,
2026-06-07,blinkit,2.5,5,,0.0,Others,
2026-06-07,blinkit,6.5,13,,0.0,Others,
2026-06-07,blinkit,1.5,3,,0.0,Others,
2026-06-07,blinkit,0.5,1,,0.0,Others,
2026-06-07,blinkit,0.5,1,,0.0,Others,
2026-06-07,blinkit,1,2,,0.0,Others,
2026-06-07,blinkit,1,2,,0.0,Others,
2026-06-07,blinkit,0.5,1,,0.0,Others,
2026-06-07,blinkit,0.5,1,,0.0,Others,
2026-06-07,blinkit,26,52,,0.0,Others,
2026-06-07,blinkit,1,2,,0.0,Others,
2026-06-07,blinkit,1.5,3,,0.0,Others,
2026-06-07,blinkit,1.5,3,,0.0,Others,
2026-06-07,blinkit,1,2,,0.0,Others,
2026-06-07,blinkit,1,2,,0.0,Others,
2026-06-07,blinkit,131.5,263,,0.0,disp,
2026-06-07,blinkit,0.5,1,,0.0,Others,
2026-06-07,blinkit,2.5,5,,0.0,Others,
2026-06-07,blinkit,3.5,7,,0.0,Others,
2026-06-07,blinkit,549.5,1099,,803.0,dispo,
2026-06-07,blinkit,57.5,115,,0.0,dispos,
2026-06-07,blinkit,153.5,307,,595.0,disposa,
2026-06-07,blinkit,17,34,,0.0,Others,
2026-06-07,blinkit,17.5,35,,0.0,Others,
2026-06-07,blinkit,349.5,699,,951.0,disposable,
2026-06-07,blinkit,15.5,31,,0.0,Others,
2026-06-07,blinkit,0.5,1,,0.0,Others,
2026-06-07,blinkit,3,6,,0.0,Others,
2026-06-07,blinkit,0.5,1,,0.0,Others,
2026-06-07,blinkit,23.5,47,,0.0,Others,
2026-06-07,blinkit,5.5,11,,0.0,Others,
2026-06-07,blinkit,0.5,1,,0.0,Others,
2026-06-07,blinkit,0.5,1,,0.0,Others,
2026-06-07,blinkit,1.5,3,,0.0,Others,
2026-06-07,blinkit,14.5,29,,99.0,Others,
2026-06-07,blinkit,1,2,,0.0,Others,
2026-06-07,blinkit,12,24,,0.0,Others,
2026-06-07,blinkit,3.5,7,,0.0,Others,
2026-06-07,blinkit,2.5,5,,0.0,Others,
2026-06-07,blinkit,21.5,43,,99.0,Others,
2026-06-07,blinkit,9.5,19,,0.0,Others,
2026-06-07,blinkit,1.5,3,,0.0,Others,
2026-06-07,blinkit,1,2,,0.0,Others,
2026-06-07,blinkit,2,4,,0.0,Others,
2026-06-07,blinkit,2.5,5,,0.0,Others,
2026-06-07,blinkit,0.5,1,,169.0,Others,
2026-06-07,blinkit,1.5,3,,0.0,Others,
2026-06-07,blinkit,0.5,1,,0.0,Others,
2026-06-07,blinkit,1,2,,0.0,Others,
2026-06-07,blinkit,4,8,,0.0,Others,
2026-06-07,blinkit,0.5,1,,0.0,Others,
2026-06-07,blinkit,4.5,9,,0.0,Others,
2026-06-07,blinkit,4.5,9,,0.0,Others,
2026-06-07,blinkit,3,6,,0.0,Others,
2026-06-07,blinkit,1,2,,0.0,Others,
2026-06-07,blinkit,1.5,3,,0.0,Others,
2026-06-07,blinkit,1,2,,0.0,Others,
2026-06-07,blinkit,0.5,1,,0.0,Others,
2026-06-07,blinkit,67,134,,0.0,disposal,
2026-06-07,blinkit,1,2,,0.0,Others,
2026-06-07,blinkit,6,12,,0.0,Others,
2026-06-07,blinkit,0.5,1,,0.0,Others,
2026-06-07,blinkit,3.5,7,,0.0,Others,
2026-06-07,blinkit,0.5,1,,0.0,Others,
2026-06-07,blinkit,6.5,13,,0.0,Others,
2026-06-07,blinkit,0.5,1,,0.0,Others,
2026-06-07,blinkit,0.5,1,,0.0,Others,
2026-06-07,blinkit,2.5,5,,0.0,Others,
2026-06-07,blinkit,0.5,1,,0.0,Others,
2026-06-07,blinkit,703.8,1472,,1486.0,paper plate,
2026-06-07,blinkit,875.1,1829,,4547.0,plates,
2026-06-07,blinkit,207.5,432,,169.0,paper plates,
2026-06-07,blinkit,195.1,405,,605.0,disposable plates,
2026-06-07,blinkit,216.7,450,,961.0,use and throw plate,
2026-06-07,blinkit,123.7,337,,792.0,dona,
2026-06-07,blinkit,229,636,,456.0,pattal,
2026-06-07,blinkit,4.1,11,,0.0,Others,
2026-06-07,blinkit,106,300,,0.0,patal,
2026-06-07,blinkit,0.8,2,,0.0,Others,
2026-06-07,blinkit,8.5,24,,0.0,Others,
2026-06-07,blinkit,2.9,8,,0.0,Others,
2026-06-07,blinkit,0.8,2,,0.0,Others,
2026-06-07,blinkit,131.6,367,,874.0,patravali,
2026-06-07,blinkit,0.8,2,,0.0,Others,
2026-06-07,blinkit,38.7,104,,0.0,patr,
2026-06-07,blinkit,87.1,242,,0.0,patra,
2026-06-07,blinkit,0.8,2,,0.0,Others,
2026-06-07,blinkit,0.4,1,,0.0,Others,
2026-06-07,blinkit,2,5,,0.0,Others,
2026-06-07,blinkit,0.8,2,,0.0,Others,
2026-06-07,blinkit,10.8,28,,0.0,patre,
2026-06-07,blinkit,3.3,11,,0.0,sugarcane plates,
2026-06-07,blinkit,30,100,,119.0,areca plate,
2026-06-07,blinkit,3,10,,0.0,Others,
2026-06-07,blinkit,228.6,762,,0.0,are,
2026-06-07,blinkit,9.9,33,,0.0,Others,
2026-06-07,blinkit,53.7,179,,0.0,areca,
2026-06-07,blinkit,6.6,22,,0.0,Others,
2026-06-07,blinkit,4.2,14,,0.0,Others,
2026-06-07,blinkit,3.3,11,,0.0,Others,
2026-06-07,blinkit,2.4,8,,0.0,Others,
2026-06-07,blinkit,22.8,76,,0.0,Others,
2026-06-07,blinkit,1.2,4,,0.0,Others,
2026-06-07,blinkit,3.6,12,,0.0,Others,
2026-06-07,blinkit,0.6,2,,0.0,Others,
2026-06-07,blinkit,0.3,1,,0.0,Others,
2026-06-07,blinkit,44,122,,238.0,bamboo plate,
2026-06-07,blinkit,135.3,378,,0.0,banana leaf plate,
2026-06-07,blinkit,0.4,1,,0.0,Others,
2026-06-07,blinkit,0.8,2,,0.0,Others,
2026-06-07,blinkit,0.4,1,,0.0,Others,
2026-06-07,blinkit,0.7,2,,0.0,Others,
2026-06-07,blinkit,0.4,1,,0.0,Others,
2026-06-07,blinkit,375.3,1071,,0.0,bana,
2026-06-07,blinkit,2.2,6,,0.0,Others,
2026-06-07,blinkit,0.4,1,,0.0,Others,
2026-06-07,blinkit,0.8,2,,0.0,Others,
2026-06-07,blinkit,92.1,256,,69.0,banana le,
2026-06-07,blinkit,148.5,416,,0.0,banana lea,
2026-06-07,blinkit,0.8,2,,0.0,Others,
2026-06-07,blinkit,394.9,1114,,99.0,banana leaf,
2026-06-07,blinkit,0.8,2,,0.0,Others,
2026-06-07,blinkit,0.8,2,,0.0,Others,
2026-06-07,blinkit,0.4,1,,0.0,Others,
2026-06-07,blinkit,1.4,4,,0.0,Others,
2026-06-07,blinkit,1.9,5,,0.0,Others,
2026-06-07,blinkit,2.4,6,,0.0,Others,
2026-06-07,blinkit,2.6,7,,0.0,Others,
2026-06-07,blinkit,1.6,4,,0.0,Others,
2026-06-07,blinkit,5,14,,0.0,Others,
2026-06-07,blinkit,1.4,4,,0.0,Others,
2026-06-07,blinkit,1.5,4,,0.0,Others,
2026-06-07,blinkit,0.4,1,,0.0,Others,
2026-06-07,blinkit,8.2,22,,0.0,Others,
2026-06-07,blinkit,6,16,,0.0,Others,
2026-06-07,blinkit,3.1,8,,0.0,Others,
2026-06-07,blinkit,6.6,18,,0.0,Others,
2026-06-07,blinkit,1.2,3,,0.0,Others,
2026-06-07,blinkit,3.2,8,,0.0,Others,
2026-06-07,blinkit,0.8,2,,0.0,Others,
2026-06-07,blinkit,0.4,1,,0.0,Others,
2026-06-07,blinkit,2.8,8,,0.0,Others,
2026-06-07,blinkit,1.2,3,,0.0,Others,
2026-06-07,blinkit,0.4,1,,0.0,Others,
2026-06-07,blinkit,1.1,3,,0.0,Others,
2026-06-07,blinkit,1.2,3,,0.0,Others,
2026-06-07,blinkit,0.8,2,,0.0,Others,
2026-06-07,blinkit,3,8,,0.0,Others,
2026-06-07,blinkit,11.7,31,,0.0,Others,
2026-06-07,blinkit,9.1,24,,0.0,Others,
2026-06-07,blinkit,6.8,19,,0.0,Others,
2026-06-07,blinkit,15.1,42,,169.0,Others,
2026-06-07,blinkit,0.8,2,,0.0,Others,
2026-06-07,blinkit,0.8,2,,0.0,Others,
2026-06-07,blinkit,4.3,12,,0.0,Others,
2026-06-07,blinkit,1.2,4,,0.0,bagasse plates,
2026-06-07,blinkit,214.5,715,,576.0,disp,
2026-06-07,blinkit,139.2,464,,645.0,disposa,
2026-06-07,blinkit,103.2,344,,526.0,dispos,
2026-06-07,blinkit,46.2,154,,169.0,disposabl,
2026-06-07,blinkit,501.9,1673,,1441.0,dispo,
2026-06-07,blinkit,254.4,848,,695.0,disposal,
2026-06-07,blinkit,1.2,4,,0.0,thermocol plate,
2026-06-07,blinkit,91.2,198,,0.0,steel plate,
2026-06-07,blinkit,4.6,10,,0.0,Others,
2026-06-07,blinkit,20.1,42,,0.0,Others,
2026-06-07,blinkit,241.6,528,,1251.0,plate,
2026-06-07,blinkit,0.5,1,,0.0,Others,
2026-06-07,blinkit,1,2,,0.0,Others,
2026-06-07,blinkit,1,2,,0.0,Others,
2026-06-07,blinkit,4.6,10,,0.0,Others,
2026-06-07,blinkit,1,2,,0.0,Others,
2026-06-07,blinkit,1,2,,0.0,Others,
2026-06-07,blinkit,3.8,8,,0.0,Others,
2026-06-07,blinkit,0.9,2,,0.0,Others,
2026-06-07,blinkit,4.6,10,,0.0,Others,
2026-06-07,blinkit,2,4,,0.0,Others,
2026-06-07,blinkit,10.8,23,,0.0,Others,
2026-06-07,blinkit,7.7,16,,0.0,Others,
2026-06-07,blinkit,46.5,100,,0.0,stee,
2026-06-07,blinkit,91,196,,0.0,steel,
2026-06-07,blinkit,1,2,,0.0,Others,
2026-06-07,blinkit,3.9,8,,0.0,Others,
2026-06-07,blinkit,7,14,,0.0,Others,
2026-06-07,blinkit,0.5,1,,0.0,Others,
2026-06-07,blinkit,1,2,,0.0,Others,
2026-06-07,blinkit,11.3,24,,0.0,Others,
2026-06-07,blinkit,1.5,3,,0.0,Others,
2026-06-07,blinkit,1,2,,0.0,Others,
2026-06-07,blinkit,2,4,,0.0,Others,
2026-06-07,blinkit,1,2,,0.0,Others,
2026-06-07,blinkit,1.8,4,,0.0,Others,
2026-06-07,blinkit,15.9,53,,0.0,plastic plate,
2026-06-07,blinkit,0.9,3,,0.0,plastic lan,
2026-06-07,blinkit,2.1,7,,0.0,plastic pl,
2026-06-07,blinkit,1.5,5,,0.0,plastic pla,
2026-06-07,blinkit,3.6,12,,0.0,plastic plates,
2026-06-07,blinkit,0.6,2,,0.0,plate i,
2026-06-07,blinkit,42.8,107,,0.0,plastic bowl,
2026-06-07,blinkit,3.2,8,,0.0,Others,
2026-06-07,blinkit,3.6,9,,0.0,Others,
2026-06-07,blinkit,100.4,251,,0.0,bowl,
2026-06-07,blinkit,0.4,1,,0.0,Others,
2026-06-07,blinkit,0.4,1,,0.0,Others,
2026-06-07,blinkit,0.4,1,,0.0,Others,
2026-06-07,blinkit,0.4,1,,0.0,Others,
2026-06-07,blinkit,0.8,2,,0.0,Others,
2026-06-07,blinkit,2.8,7,,0.0,Others,
2026-06-07,blinkit,5.6,14,,0.0,Others,
2026-06-07,blinkit,0.8,2,,0.0,Others,
2026-06-07,blinkit,12,30,,0.0,plastic,
2026-06-07,blinkit,4,10,,0.0,Others,
2026-06-07,blinkit,15.2,38,,0.0,plastic bo,
2026-06-07,blinkit,2,5,,0.0,Others,
2026-06-07,blinkit,1.6,4,,0.0,Others,
2026-06-07,blinkit,0.8,2,,0.0,Others,
2026-06-07,blinkit,1.6,4,,0.0,Others,
2026-06-07,blinkit,4.4,11,,0.0,Others,
2026-06-07,blinkit,0.8,2,,0.0,Others,
2026-06-07,blinkit,1.2,3,,0.0,Others,
2026-06-07,blinkit,4,10,,0.0,Others,
2026-06-07,blinkit,1.2,3,,0.0,Others,
2026-06-07,blinkit,438.3,1230,,406.0,disposable spoon,
2026-06-07,blinkit,368.1,1035,,873.0,disposable cup,
2026-06-07,blinkit,234.8,654,,0.0,food container,
2026-06-08,blinkit,285.5,571,,1737.0,disposable bowl,
2026-06-08,blinkit,0.5,1,,0.0,Others,
2026-06-08,blinkit,1,2,,0.0,Others,
2026-06-08,blinkit,56.5,113,,0.0,Others,
2026-06-08,blinkit,177.5,355,,0.0,bow,
2026-06-08,blinkit,0.5,1,,0.0,Others,
2026-06-08,blinkit,0.5,1,,0.0,Others,
2026-06-08,blinkit,0.5,1,,0.0,Others,
2026-06-08,blinkit,4.5,9,,0.0,Others,
2026-06-08,blinkit,370,740,,169.0,bowl,
2026-06-08,blinkit,0.5,1,,0.0,Others,
2026-06-08,blinkit,1,2,,0.0,Others,
2026-06-08,blinkit,0.5,1,,0.0,Others,
2026-06-08,blinkit,4,8,,0.0,Others,
2026-06-08,blinkit,0.5,1,,0.0,Others,
2026-06-08,blinkit,0.5,1,,0.0,Others,
2026-06-08,blinkit,1.5,3,,0.0,Others,
2026-06-08,blinkit,2.5,5,,0.0,Others,
2026-06-08,blinkit,1.5,3,,0.0,Others,
2026-06-08,blinkit,15,30,,0.0,Others,
2026-06-08,blinkit,0.5,1,,0.0,Others,
2026-06-08,blinkit,0.5,1,,0.0,Others,
2026-06-08,blinkit,0.5,1,,0.0,Others,
2026-06-08,blinkit,0.5,1,,0.0,Others,
2026-06-08,blinkit,0.5,1,,0.0,Others,
2026-06-08,blinkit,2,4,,0.0,Others,
2026-06-08,blinkit,1,2,,0.0,Others,
2026-06-08,blinkit,0.5,1,,0.0,Others,
2026-06-08,blinkit,0.5,1,,0.0,Others,
2026-06-08,blinkit,16.5,33,,0.0,Others,
2026-06-08,blinkit,22,44,,0.0,Others,
2026-06-08,blinkit,0.5,1,,0.0,Others,
2026-06-08,blinkit,0.5,1,,0.0,Others,
2026-06-08,blinkit,3.5,7,,0.0,Others,
2026-06-08,blinkit,1,2,,0.0,Others,
2026-06-08,blinkit,1,2,,0.0,Others,
2026-06-08,blinkit,6,12,,0.0,Others,
2026-06-08,blinkit,0.5,1,,0.0,Others,
2026-06-08,blinkit,2.5,5,,0.0,Others,
2026-06-08,blinkit,9,18,,0.0,Others,
2026-06-08,blinkit,1.5,3,,0.0,Others,
2026-06-08,blinkit,1.5,3,,0.0,Others,
2026-06-08,blinkit,0.5,1,,0.0,Others,
2026-06-08,blinkit,0.5,1,,0.0,Others,
2026-06-08,blinkit,0.5,1,,0.0,Others,
2026-06-08,blinkit,2,4,,0.0,Others,
2026-06-08,blinkit,0.5,1,,0.0,Others,
2026-06-08,blinkit,42.5,85,,387.0,Others,
2026-06-08,blinkit,1,2,,0.0,Others,
2026-06-08,blinkit,3.5,7,,0.0,Others,
2026-06-08,blinkit,0.5,1,,0.0,Others,
2026-06-08,blinkit,3,6,,0.0,Others,
2026-06-08,blinkit,1,2,,0.0,Others,
2026-06-08,blinkit,172.5,345,,69.0,disp,
2026-06-08,blinkit,2.5,5,,0.0,Others,
2026-06-08,blinkit,3,6,,0.0,Others,
2026-06-08,blinkit,0.5,1,,0.0,Others,
2026-06-08,blinkit,785.5,1571,,337.0,dispo,
2026-06-08,blinkit,67.5,135,,0.0,Others,
2026-06-08,blinkit,186.5,373,,536.0,disposa,
2026-06-08,blinkit,15.5,31,,0.0,Others,
2026-06-08,blinkit,19,38,,0.0,Others,
2026-06-08,blinkit,521.5,1043,,2817.0,disposable,
2026-06-08,blinkit,0.5,1,,0.0,Others,
2026-06-08,blinkit,23,46,,0.0,Others,
2026-06-08,blinkit,0.5,1,,0.0,Others,
2026-06-08,blinkit,8.5,17,,0.0,Others,
2026-06-08,blinkit,26.5,53,,0.0,Others,
2026-06-08,blinkit,9.5,19,,0.0,Others,
2026-06-08,blinkit,0.5,1,,0.0,Others,
2026-06-08,blinkit,2.5,5,,0.0,Others,
2026-06-08,blinkit,15.5,31,,189.0,Others,
2026-06-08,blinkit,2,4,,0.0,Others,
2026-06-08,blinkit,18,36,,69.0,Others,
2026-06-08,blinkit,16.5,33,,189.0,Others,
2026-06-08,blinkit,1.5,3,,0.0,Others,
2026-06-08,blinkit,5.5,11,,0.0,Others,
2026-06-08,blinkit,2,4,,0.0,Others,
2026-06-08,blinkit,4,8,,0.0,Others,
2026-06-08,blinkit,1,2,,0.0,Others,
2026-06-08,blinkit,0.5,1,,0.0,Others,
2026-06-08,blinkit,0.5,1,,0.0,Others,
2026-06-08,blinkit,0.5,1,,0.0,Others,
2026-06-08,blinkit,2.5,5,,0.0,Others,
2026-06-08,blinkit,1,2,,0.0,Others,
2026-06-08,blinkit,3.5,7,,0.0,Others,
2026-06-08,blinkit,8.5,17,,0.0,Others,
2026-06-08,blinkit,1.5,3,,0.0,Others,
2026-06-08,blinkit,0.5,1,,0.0,Others,
2026-06-08,blinkit,1,2,,0.0,Others,
2026-06-08,blinkit,0.5,1,,0.0,Others,
2026-06-08,blinkit,0.5,1,,0.0,Others,
2026-06-08,blinkit,0.5,1,,0.0,Others,
2026-06-08,blinkit,0.5,1,,0.0,Others,
2026-06-08,blinkit,2,4,,0.0,Others,
2026-06-08,blinkit,81.5,163,,99.0,disposal,
2026-06-08,blinkit,0.5,1,,0.0,Others,
2026-06-08,blinkit,1,2,,0.0,Others,
2026-06-08,blinkit,2,4,,0.0,Others,
2026-06-08,blinkit,3.5,7,,0.0,Others,
2026-06-08,blinkit,0.5,1,,0.0,Others,
2026-06-08,blinkit,1.5,3,,0.0,Others,
2026-06-08,blinkit,0.5,1,,0.0,Others,
2026-06-08,blinkit,2,4,,0.0,Others,
2026-06-08,blinkit,0.5,1,,0.0,Others,
2026-06-08,blinkit,0.5,1,,0.0,Others,
2026-06-08,blinkit,1,2,,0.0,Others,
2026-06-08,blinkit,0.5,1,,0.0,Others,
2026-06-08,blinkit,0.5,1,,0.0,Others,
2026-06-08,blinkit,6,12,,0.0,Others,
2026-06-08,blinkit,0.5,1,,0.0,Others,
2026-06-08,blinkit,0.5,1,,0.0,Others,
2026-06-08,blinkit,0.5,1,,0.0,Others,
2026-06-08,blinkit,41.5,83,,666.0,Others,
2026-06-08,blinkit,4,8,,0.0,Others,
2026-06-08,blinkit,0.5,1,,0.0,Others,
2026-06-08,blinkit,1.5,3,,0.0,Others,
2026-06-08,blinkit,5,10,,99.0,disposable bowl,
2026-06-08,blinkit,427.3,892,,713.0,paper plates,
2026-06-08,blinkit,442.3,918,,2282.0,disposable plates,
2026-06-08,blinkit,428.8,897,,2511.0,use and throw plate,
2026-06-08,blinkit,126.9,346,,594.0,dona,
2026-06-08,blinkit,212,589,,605.0,pattal,
2026-06-08,blinkit,9.9,28,,0.0,parwal,
2026-06-08,blinkit,91.6,258,,0.0,patal,
2026-06-08,blinkit,7.9,22,,0.0,Others,
2026-06-08,blinkit,8.6,24,,0.0,Others,
2026-06-08,blinkit,0.8,2,,0.0,Others,
2026-06-08,blinkit,2.4,6,,0.0,Others,
2026-06-08,blinkit,0.8,2,,0.0,Others,
2026-06-08,blinkit,55.6,154,,0.0,patravali,
2026-06-08,blinkit,30.9,83,,0.0,patr,
2026-06-08,blinkit,40.8,112,,0.0,patra,
2026-06-08,blinkit,1.1,3,,0.0,Others,
2026-06-08,blinkit,0.8,2,,0.0,Others,
2026-06-08,blinkit,3.6,9,,0.0,Others,
2026-06-08,blinkit,8.1,23,,69.0,compostable plates,
2026-06-08,blinkit,8.7,29,,1352.0,sugarcane plates,
2026-06-08,blinkit,10.2,34,,0.0,areca plate,
2026-06-08,blinkit,1.8,6,,0.0,Others,
2026-06-08,blinkit,0.6,2,,0.0,Others,
2026-06-08,blinkit,0.6,2,,0.0,Others,
2026-06-08,blinkit,165.9,553,,0.0,are,
2026-06-08,blinkit,2.7,9,,0.0,Others,
2026-06-08,blinkit,39.9,133,,0.0,areca,
2026-06-08,blinkit,4.8,16,,0.0,Others,
2026-06-08,blinkit,1.8,6,,0.0,Others,
2026-06-08,blinkit,4.8,16,,0.0,Others,
2026-06-08,blinkit,4.2,14,,0.0,Others,
2026-06-08,blinkit,14.7,49,,0.0,Others,
2026-06-08,blinkit,0.9,3,,0.0,Others,
2026-06-08,blinkit,0.6,2,,0.0,Others,
2026-06-08,blinkit,8.6,24,,0.0,bamboo plate,
2026-06-08,blinkit,33.9,91,,0.0,banana leaf plate,
2026-06-08,blinkit,0.8,2,,0.0,Others,
2026-06-08,blinkit,19.3,55,,0.0,bana,
2026-06-08,blinkit,0.4,1,,0.0,Others,
2026-06-08,blinkit,1.2,3,,0.0,Others,
2026-06-08,blinkit,39.6,108,,0.0,banana le,
2026-06-08,blinkit,74.5,205,,0.0,banana lea,
2026-06-08,blinkit,1.2,3,,0.0,Others,
2026-06-08,blinkit,149.1,417,,0.0,banana leaf,
2026-06-08,blinkit,1.6,4,,0.0,Others,
2026-06-08,blinkit,0.8,2,,0.0,Others,
2026-06-08,blinkit,0.8,2,,0.0,Others,
2026-06-08,blinkit,2,5,,0.0,Others,
2026-06-08,blinkit,0.8,2,,0.0,Others,
2026-06-08,blinkit,3.2,9,,0.0,Others,
2026-06-08,blinkit,2.7,7,,0.0,Others,
2026-06-08,blinkit,0.8,2,,0.0,Others,
2026-06-08,blinkit,2.7,7,,0.0,Others,
2026-06-08,blinkit,4.3,11,,0.0,Others,
2026-06-08,blinkit,0.8,2,,0.0,Others,
2026-06-08,blinkit,4.1,11,,0.0,Others,
2026-06-08,blinkit,0.8,2,,0.0,Others,
2026-06-08,blinkit,1.9,5,,0.0,Others,
2026-06-08,blinkit,7.5,20,,0.0,Others,
2026-06-08,blinkit,5.1,13,,0.0,Others,
2026-06-08,blinkit,1.6,4,,0.0,Others,
2026-06-08,blinkit,8.1,22,,0.0,Others,
2026-06-08,blinkit,1.8,6,,0.0,bagasse plates,
2026-06-08,blinkit,165.3,551,,436.0,disposa,
2026-06-08,blinkit,132.3,441,,357.0,dispos,
2026-06-08,blinkit,582,1940,,2541.0,dispo,
2026-06-08,blinkit,366.3,1221,,1724.0,disposal,
2026-06-09,blinkit,742.1,1483,,7434.0,disposable bowl,
2026-06-09,blinkit,802.7,1678,,2558.0,paper plates,
2026-06-09,blinkit,785,1637,,2795.0,disposable plates,
2026-06-09,blinkit,481,1005,,2548.0,use and throw plate,
2026-06-09,blinkit,227.7,759,,427.0,disposa,
2026-06-09,blinkit,125.4,418,,914.0,dispos,
2026-06-09,blinkit,720.9,2403,,1318.0,dispo,
2026-06-09,blinkit,315,1050,,714.0,disposal,
2026-06-07,blinkit,0.5,1,,0.0,Others,
2026-06-10,blinkit,347.6,695,,3004.0,disposable bowl,
2026-06-10,blinkit,431.3,902,,1449.0,paper plates,
2026-06-10,blinkit,414.7,863,,2628.0,disposable plates,
2026-06-10,blinkit,283.3,591,,1527.0,use and throw plate,
2026-06-10,blinkit,221.7,739,,1062.0,disposa,
2026-06-10,blinkit,134.7,449,,119.0,dispos,
2026-06-10,blinkit,766.5,2555,,2529.0,dispo,
2026-06-10,blinkit,312.9,1043,,854.0,disposal,
